user_id,screen_name,followers_count,friends_count,statuses_count,profile_created_at,verified,label,account_age_days,follower_friend_ratio,tweet_per_follower
3022357312,pattavis,218,285,3477,2015-02-06 22:33:59+00:00,False,bot,3678,0.7622377622377622,15.876712328767123
753659579582541824,PromotingLouisT,256,358,5614,2016-07-14 18:37:00+00:00,False,bot,3154,0.713091922005571,21.844357976653697
901802279623417856,Anna10mila,287,346,5545,2017-08-27 13:43:12+00:00,False,human,2745,0.8270893371757925,19.25347222222222
2982392825,AlleHanna,266,354,6022,2015-01-17 11:03:24+00:00,False,bot,3699,0.7492957746478873,22.55430711610487
825436422609969152,ZaffiroBlu3,286,564,3915,2017-01-28 20:12:33+00:00,False,bot,2956,0.5061946902654867,13.641114982578397
971039774726377474,Marghe_Paro,26,48,2175,2018-03-06 15:08:18+00:00,False,human,2554,0.5306122448979592,80.55555555555556
1012258265772720128,1D97435172,15,24,496,2018-06-28 08:55:52+00:00,False,bot,2441,0.6,31.0
1001873627506233346,50shadesofsfiga,19,52,1469,2018-05-30 17:11:01+00:00,False,human,2469,0.3584905660377358,73.45
3414414435,Peugeotcrew,604,134,8554,2015-08-11 06:15:29+00:00,False,bot,3493,4.474074074074074,14.138842975206611
617000584,bastardo42,286,527,35242,2012-06-24 10:32:14+00:00,False,human,4636,0.5416666666666666,122.79442508710801
816718293142740992,ShamelessAndGay,229,159,9495,2017-01-04 18:49:49+00:00,False,human,2980,1.43125,41.28260869565217
978899289861754880,Ele108294,908,685,12680,2018-03-28 07:39:12+00:00,False,human,2533,1.3236151603498543,13.94939493949395
3070640794,Cappellaio87,314,642,16895,2015-03-04 19:19:17+00:00,False,bot,3652,0.48833592534992226,53.63492063492063
1449933242,LBrogialdi,856,2713,53970,2013-05-22 21:28:06+00:00,False,human,4303,0.3154016212232867,62.975495915985995
850371251277352960,PaolaBarbanera,543,2247,4383,2017-04-07 15:34:40+00:00,False,human,2887,0.24154804270462635,8.056985294117647
757515891403788288,RobyAlpha,349,242,15138,2016-07-25 10:00:37+00:00,False,human,3144,1.4362139917695473,43.25142857142857
2921287407,filippotrav,148,76,4801,2014-12-14 12:39:44+00:00,False,bot,3733,1.922077922077922,32.22147651006711
1002691095829057538,Chloe_Lou_Rose,6037,5330,5296,2018-06-01 23:19:21+00:00,False,bot,2467,1.1324329394109922,0.8771116263663464
839181003449110530,antodamario1982,7,10,4111,2017-03-07 18:28:37+00:00,False,bot,2918,0.6363636363636364,513.875
2617299705,bbenzoval,642,430,8350,2014-06-17 13:32:48+00:00,False,human,3912,1.4895591647331787,12.986003110419906
4611389296,0nedangels,216,214,2455,2015-12-26 13:55:00+00:00,False,human,3355,1.0046511627906978,11.31336405529954
727469564901076992,sonia_ariu,93,192,6181,2016-05-03 12:07:14+00:00,False,bot,3227,0.48186528497409326,65.75531914893617
550410719,AnnaMinervini1,365,270,14922,2012-04-10 20:15:38+00:00,False,bot,4710,1.3468634686346863,40.77049180327869
975703783475949568,4NG3L0NF1R3,38,98,346,2018-03-19 12:01:24+00:00,False,bot,2542,0.3838383838383838,8.871794871794872
1048754004,lindascanona,716,0,27901,2012-12-30 20:36:06+00:00,False,bot,4446,716.0,38.91352859135286
14871003,gbgallus,2404,1321,10221,2008-05-22 17:38:28+00:00,False,human,6129,1.8184568835098336,4.24989604989605
4798069173,righettifrance1,418,831,5110,2016-01-13 22:08:47+00:00,False,bot,3337,0.5024038461538461,12.195704057279237
165051584,_diana87,2476,1725,116571,2010-07-10 13:12:45+00:00,False,human,5350,1.4345307068366164,47.06136455389584
3825988815,Luca10adp,313,291,14741,2015-09-30 17:30:05+00:00,False,human,3442,1.071917808219178,46.945859872611464
991332558,GianturcoMira,179,261,3893,2012-12-05 16:53:46+00:00,False,human,4471,0.683206106870229,21.627777777777776
231999899,Diletta123,904,169,9628,2010-12-30 01:24:54+00:00,False,bot,5178,5.317647058823529,10.63867403314917
96738439,oloapmarchi,16914,3750,19248,2009-12-14 10:46:37+00:00,False,human,5559,4.509197547320714,1.137924918711203
830683244,Beatiste,2934,282,41167,2012-09-18 09:24:26+00:00,False,human,4550,10.36749116607774,14.026235093696764
1011238575399165959,1dalwaysinmyhe1,16,19,838,2018-06-25 13:23:59+00:00,False,human,2443,0.8,49.294117647058826
337161893,essexelle,4239,1306,109609,2011-07-17 15:22:40+00:00,False,human,4978,3.2433052792654933,25.851179245283017
781179765843750912,nalitinelli,56,118,3470,2016-09-28 17:12:24+00:00,False,human,3078,0.47058823529411764,60.87719298245614
1428293736,sb_728,464,367,24105,2013-05-14 16:52:00+00:00,False,human,4311,1.2608695652173914,51.83870967741935
972313916578713600,LuanaPirri,14,15,1526,2018-03-10 03:31:17+00:00,False,bot,2551,0.875,101.73333333333333
825397260032811012,isolafelice21,157,264,1660,2017-01-28 17:36:56+00:00,False,bot,2956,0.5924528301886792,10.50632911392405
2365823596,nonnagri,596,411,12248,2014-02-25 22:34:08+00:00,False,human,4024,1.4466019417475728,20.515912897822446
822123492216897540,TheVoiceIsVS,132,191,5821,2017-01-19 16:48:09+00:00,False,bot,2965,0.6875,43.766917293233085
2998480923,GInterrato,158,59,4645,2015-01-25 20:08:43+00:00,False,bot,3690,2.6333333333333333,29.21383647798742
2199622261,FabioRoscioli,108,121,7930,2013-11-17 14:33:36+00:00,False,human,4124,0.8852459016393442,72.75229357798165
2982498327,lontano2009,388,863,6624,2015-01-17 13:37:14+00:00,False,bot,3698,0.44907407407407407,17.02827763496144
280175586,nunziapenelope,12989,1991,54873,2011-04-10 20:06:18+00:00,False,human,5076,6.520582329317269,4.224249422632794
2704478260,ImparatoPasqual,260,142,8321,2014-07-12 20:06:02+00:00,False,bot,3887,1.8181818181818181,31.881226053639846
728911567589363712,DENISA_NH14,493,968,5350,2016-05-07 11:37:15+00:00,False,human,3223,0.5087719298245614,10.82995951417004
840552254851678211,FEHTakumi,175,1,40035,2017-03-11 13:17:29+00:00,False,bot,2914,87.5,227.4715909090909
785397318,ValterRimini,2860,4316,40178,2012-08-27 20:20:24+00:00,False,human,4571,0.6624971044706972,14.043341488989864
797499926594908160,Gvccij,769,719,4298,2016-11-12 18:02:54+00:00,False,human,3033,1.0680555555555555,5.581818181818182
135547288,VinceMaielli,1238,1424,60803,2010-04-21 16:15:08+00:00,False,human,5430,0.8687719298245614,49.074253430185635
2930775934,GiuliettaSkype,1231,4937,21431,2014-12-18 21:00:26+00:00,False,bot,3728,0.24929121101660592,17.395292207792206
1011987366582603776,Funghetti4,15,42,352,2018-06-27 14:59:24+00:00,False,bot,2441,0.3488372093023256,22.0
630459182,67Malaguti,592,1231,5176,2012-07-08 19:28:21+00:00,False,human,4621,0.4805194805194805,8.72849915682968
830818718703837187,Joker12953,157,254,3601,2017-02-12 16:39:53+00:00,False,bot,2941,0.615686274509804,22.79113924050633
2772451794,LorettaLORI3,693,1175,11021,2014-08-27 06:19:28+00:00,False,bot,3842,0.5892857142857143,15.880403458213257
825987115662065664,migliavs,331,545,23667,2017-01-30 08:40:49+00:00,False,bot,2955,0.6062271062271062,71.28614457831326
2864751126,davideberg68,123,232,1518,2014-10-19 11:37:29+00:00,False,human,3789,0.5278969957081545,12.241935483870968
422025735,paolamietto,150,472,1945,2011-11-26 18:12:57+00:00,False,human,4846,0.3171247357293869,12.880794701986755
4549685356,enzarella2,363,0,4976,2015-12-20 20:16:20+00:00,False,bot,3361,363.0,13.67032967032967
526391347,raffa_brigante,528,428,10534,2012-03-16 13:23:31+00:00,False,bot,4735,1.2307692307692308,19.91304347826087
344159343,marosa259,281,245,11036,2011-07-28 16:45:58+00:00,False,human,4967,1.1422764227642277,39.13475177304964
876795381841100801,Odiotuttigioia,395,184,5743,2017-06-19 13:34:43+00:00,False,bot,2814,2.135135135135135,14.502525252525253
826576741506355203,Verbena35,131,84,16301,2017-01-31 23:43:47+00:00,False,bot,2953,1.5411764705882354,123.49242424242425
704820933027045376,fitti1988,443,674,14053,2016-03-02 00:09:40+00:00,False,human,3289,0.6562962962962963,31.6509009009009
1891849693,BoselliMarisa,292,148,6228,2013-09-21 23:32:16+00:00,False,human,4181,1.9597315436241611,21.255972696245735
932924905,EMZONERI,78,16,1606,2012-11-07 20:53:38+00:00,False,bot,4499,4.588235294117647,20.329113924050635
2998555053,GSpasmo,144,69,4766,2015-01-25 20:50:19+00:00,False,bot,3690,2.057142857142857,32.86896551724138
596665906,faberskj,2495,1464,89783,2012-06-01 17:52:07+00:00,False,human,4658,1.7030716723549488,35.970753205128204
2729708935,MyHappiness1Dhs,1475,1946,57298,2014-08-13 15:19:57+00:00,False,human,3855,0.7575757575757576,38.81978319783198
2363684405,AlessioFraumene,343,38,97414,2014-02-24 21:13:17+00:00,False,human,4025,8.794871794871796,283.18023255813955
1012294396526710784,Vote1D70522235,19,16,98,2018-06-28 11:19:26+00:00,False,human,2441,1.1176470588235294,4.9
251194177,wasitjustalie,2201,1113,130575,2011-02-12 16:48:54+00:00,False,bot,5133,1.9757630161579893,59.298365122615806
606417584,CannovaV,79950,32566,97642,2012-06-12 15:51:26+00:00,False,human,4647,2.45493904873031,1.2212730297307102
804847281417633792,vezzosauro_ale,4,8,4853,2016-12-03 00:38:40+00:00,False,bot,3013,0.4444444444444444,970.6
504476597,Stegallio8,107,516,3241,2012-02-26 13:01:20+00:00,False,human,4754,0.20696324951644102,30.00925925925926
327894673,elena2613,415,693,12190,2011-07-02 10:26:33+00:00,False,bot,4994,0.5979827089337176,29.302884615384617
2918691515,Cat2014_Believe,329,445,3195,2014-12-12 23:45:18+00:00,False,bot,3734,0.7376681614349776,9.681818181818182
1012302562660405248,Holaa63146637,16,9,465,2018-06-28 11:51:53+00:00,False,bot,2441,1.6,27.352941176470587
2950152521,loririlolo,533,1004,7557,2014-12-29 22:41:23+00:00,False,bot,3717,0.5303482587064676,14.151685393258427
968459856,PaoloProsdocimi,129,425,8892,2012-11-24 17:46:43+00:00,False,human,4482,0.3028169014084507,68.4
1571230602,Giulia_1D_LM,545,740,75615,2013-07-05 20:04:48+00:00,False,human,4259,0.7354925775978407,138.48901098901098
856380782847422464,Pegasofree777,473,969,19663,2017-04-24 05:34:24+00:00,False,human,2871,0.48762886597938143,41.483122362869196
750962994100707328,psacrewIT,97,16,6194,2016-07-07 08:01:44+00:00,False,bot,3162,5.705882352941177,63.204081632653065
831862062833876993,paopia64,185,253,20183,2017-02-15 13:45:45+00:00,False,bot,2938,0.7283464566929134,108.51075268817205
831161868614004741,ZiaGuerriera,303,673,14335,2017-02-13 15:23:26+00:00,False,bot,2940,0.4495548961424332,47.1546052631579
523625151,kssdhr,595,1759,6938,2012-03-13 20:07:56+00:00,False,human,4738,0.3380681818181818,11.640939597315436
3107788774,Pesce98Vittoria,292,615,5039,2015-03-23 14:51:20+00:00,False,bot,3633,0.474025974025974,17.197952218430036
761296330903916545,Maria_Letizia_,772,657,10620,2016-08-04 20:22:44+00:00,False,human,3133,1.1732522796352585,13.738680465717982
3092010165,GioLuna64,183,333,7708,2015-03-15 14:00:35+00:00,False,human,3641,0.5479041916167665,41.891304347826086
3182660278,francorosaria13,65,0,11460,2015-04-19 10:03:06+00:00,False,bot,3607,65.0,173.63636363636363
883724976158887938,69Nique,28,34,1458,2017-07-08 16:30:28+00:00,False,bot,2795,0.8,50.275862068965516
438476133,trepazia,666,966,20427,2011-12-16 16:46:00+00:00,False,human,4826,0.688728024819028,30.625187406296853
2158759025,citro_rosa,565,804,26654,2013-10-29 15:39:28+00:00,False,bot,4143,0.7018633540372671,47.091872791519435
1698808080,AngiSvezia,165,152,5273,2013-08-25 10:40:15+00:00,False,bot,4209,1.0784313725490196,31.765060240963855
974981520984346626,Derire2,41,168,1162,2018-03-17 12:11:23+00:00,False,bot,2544,0.24260355029585798,27.666666666666668
1013753576,betta_andrioli,1065,109,62687,2012-12-15 18:57:37+00:00,False,human,4461,9.681818181818182,58.80581613508443
926348944686419968,HababaAlaa,1312,1094,54465,2017-11-03 07:22:53+00:00,False,human,2678,1.198173515981735,41.48134044173648
265347584,mari_posaazul,460,458,18552,2011-03-13 11:53:57+00:00,False,human,5105,1.0021786492374727,40.24295010845987
2413775282,Niurant,1536,2814,3326,2014-03-27 07:02:51+00:00,False,human,3995,0.5456483126110124,2.1639557579700717
950833130948177920,Lelepaolo1,9,235,2085,2018-01-09 20:54:18+00:00,False,bot,2610,0.038135593220338986,208.5
732212397654609920,CRPFRASCATI,10,52,3198,2016-05-16 14:13:34+00:00,False,bot,3213,0.18867924528301888,290.72727272727275
951241980859830272,LouisT_Promo_,81,243,4337,2018-01-10 23:58:56+00:00,False,human,2609,0.3319672131147541,52.890243902439025
205354640,ticchiolina,991,1473,29476,2010-10-20 17:53:38+00:00,False,human,5248,0.6723202170963365,29.713709677419356
1000424874194690048,xoxo_giuly_,33,137,924,2018-05-26 17:14:11+00:00,False,human,2473,0.2391304347826087,27.176470588235293
438798142,ZzuCicciu,829,747,42575,2011-12-17 01:25:19+00:00,False,human,4826,1.108288770053476,51.295180722891565
2452764372,rarimani,178,378,12342,2014-04-19 08:08:16+00:00,False,human,3972,0.46965699208443273,68.94972067039106
827909004923801600,Caranoemitw,186,469,3068,2017-02-04 15:57:43+00:00,False,bot,2949,0.39574468085106385,16.406417112299465
734396807745286145,11dreams_,185,492,4936,2016-05-22 14:53:38+00:00,False,human,3207,0.3752535496957404,26.537634408602152
262893816,missingsmth,674,587,14990,2011-03-08 23:57:14+00:00,False,human,5109,1.1462585034013606,22.20740740740741
2764705943,beauty0fsilence,190,150,5796,2014-09-08 12:11:01+00:00,False,bot,3830,1.2582781456953642,30.345549738219894
831961066313773058,lorellacan,189,496,3472,2017-02-15 20:19:10+00:00,False,bot,2938,0.38028169014084506,18.273684210526316
470253363,zia_eli,1041,1380,28522,2012-01-21 13:56:15+00:00,False,bot,4790,0.7538015930485156,27.37236084452975
460216069,so69ny,563,1371,3778,2012-01-10 14:25:46+00:00,False,human,4801,0.4103498542274053,6.698581560283688
1153738128,ggarigli,579,2757,4903,2013-02-06 11:30:36+00:00,False,bot,4409,0.20993473531544599,8.453448275862069
448110696,GabriPobega,419,511,9448,2011-12-27 16:45:42+00:00,False,bot,4815,0.818359375,22.495238095238093
2890342662,1DLads4Life,674,781,27072,2014-11-05 02:32:15+00:00,False,human,3772,0.8618925831202046,40.10666666666667
517747193,coccio2001,250,845,7509,2012-03-07 16:41:05+00:00,False,human,4744,0.29550827423167847,29.916334661354583
2153829339,garbugli_la,1743,1539,36577,2013-10-26 05:44:27+00:00,False,human,4147,1.1318181818181818,20.973050458715598
961661021017518086,patri_well,32,69,2450,2018-02-08 18:00:28+00:00,False,bot,2580,0.45714285714285713,74.24242424242425
825675893741846528,Anna33120263,794,641,13870,2017-01-29 12:04:08+00:00,False,human,2956,1.236760124610592,17.446540880503143
1012063518659698690,Bastardisemibl1,24,23,332,2018-06-27 20:02:00+00:00,False,human,2441,1.0,13.28
922835518756474880,InterForEver71,182,175,7898,2017-10-24 14:41:47+00:00,False,human,2687,1.0340909090909092,43.15846994535519
327674514,Fiffistefy,367,1112,12027,2011-07-01 23:33:14+00:00,False,bot,4994,0.3297394429469901,32.682065217391305
855136163849482240,Dudda_Novizia,48,97,3494,2017-04-20 19:08:43+00:00,False,bot,2874,0.4897959183673469,71.3061224489796
3039154799,00_matilde,163,407,5761,2015-02-15 14:56:36+00:00,False,human,3669,0.39950980392156865,35.1280487804878
1704716070,1D_ilmiosogno,129,462,1665,2013-08-27 13:50:23+00:00,False,human,4206,0.2786177105831533,12.807692307692308
306412249,Caracciolo93,1055,1607,10288,2011-05-27 20:52:34+00:00,False,human,5029,0.6560945273631841,9.742424242424242
193317159,Vito_Salvo,173,458,2293,2010-09-21 14:44:51+00:00,False,human,5277,0.3769063180827887,13.17816091954023
761376188,lavitamiglior3,2123,1297,56570,2012-08-16 11:29:46+00:00,False,human,4583,1.6355932203389831,26.63370998116761
1012447780504326145,1D39191230,378,1176,2282,2018-06-28 21:28:56+00:00,False,human,2440,0.3211554800339847,6.021108179419525
2181109997,b_baolo,1806,579,39140,2013-11-14 19:56:56+00:00,False,human,4127,3.113793103448276,21.66021029330382
895869750,akobsara,8095,5179,122768,2012-10-21 18:17:55+00:00,False,human,4516,1.5627413127413128,15.16403162055336
996455315796262916,Chourou04946447,22,19,2167,2018-05-15 18:20:35+00:00,False,bot,2484,1.1,94.21739130434783
560954476,GiuseppinaFarin,925,1059,36083,2012-04-23 08:51:57+00:00,False,bot,4698,0.8726415094339622,38.96652267818575
702789675619061761,Snari1979,54,87,8159,2016-02-25 09:38:10+00:00,False,bot,3295,0.6136363636363636,148.34545454545454
438646069,gaelle14juillet,1694,2029,23588,2011-12-16 21:02:38+00:00,False,human,4826,0.8344827586206897,13.91622418879056
3072516610,ianna63,181,112,12164,2015-03-05 14:20:05+00:00,False,human,3651,1.6017699115044248,66.83516483516483
2298056467,AnnaDream74,474,451,6540,2014-01-18 15:16:29+00:00,False,human,4062,1.0486725663716814,13.76842105263158
704993843293331456,unidosxdali,2257,75,16637,2016-03-02 11:36:45+00:00,False,bot,3289,29.69736842105263,7.368024800708592
132962832,ManuBoniPH,248,644,5502,2010-04-14 16:58:57+00:00,False,human,5437,0.38449612403100775,22.096385542168676
2985794427,MariaHelena_ts,343,622,6926,2015-01-19 14:11:39+00:00,False,bot,3696,0.550561797752809,20.13372093023256
202206667,GiulianaPoce,388,465,13034,2010-10-13 14:49:03+00:00,False,bot,5255,0.8326180257510729,33.50642673521851
826850430185590786,Stellacdolce,182,415,3461,2017-02-01 17:51:19+00:00,False,bot,2952,0.4375,18.91256830601093
327555253,ElenaLvdzdv,751,828,9194,2011-07-01 19:18:24+00:00,False,bot,4994,0.9059107358262968,12.226063829787234
2591240449,annarosa701,319,237,23673,2014-06-27 11:25:16+00:00,False,bot,3903,1.3403361344537814,73.978125
560604863,MonicaDieci,792,1675,16498,2012-04-22 21:21:29+00:00,False,bot,4698,0.47255369928400953,20.80453972257251
1011632355419844608,Martinalucconi1,19,6,1495,2018-06-26 15:28:43+00:00,False,bot,2442,2.7142857142857144,74.75
1010882400325431298,1dreactionpic1,19,40,805,2018-06-24 13:48:40+00:00,False,human,2444,0.4634146341463415,40.25
2962604531,ae6b1d98c461462,223,902,8308,2015-01-05 19:49:46+00:00,False,human,3710,0.2469545957918051,37.089285714285715
1063319761,AlteaFerrari,92145,82900,74912,2013-01-05 15:54:47+00:00,False,human,4440,1.11150649569969,0.8129707203785297
518642028,VeronicaFilia,148,141,6802,2012-03-08 16:22:38+00:00,False,bot,4743,1.0422535211267605,45.651006711409394
548914113,Mary_Jack69,432,469,9089,2012-04-09 00:53:10+00:00,False,bot,4712,0.9191489361702128,20.990762124711317
840241477,annalisabi76,1594,363,62095,2012-09-22 18:36:29+00:00,False,human,4545,4.3791208791208796,38.93103448275862
910893710308724743,Paola232220,130,105,5213,2017-09-21 15:49:18+00:00,False,human,2720,1.2264150943396226,39.79389312977099
2485742076,Krentak,42,283,509,2014-05-09 19:06:17+00:00,False,human,3951,0.14788732394366197,11.837209302325581
4908982317,cifra73,437,510,30978,2016-02-14 13:31:57+00:00,False,human,3305,0.8551859099804305,70.72602739726027
357063589,massimosideri,12635,771,10908,2011-08-17 19:55:06+00:00,True,human,4947,16.366580310880828,0.8632478632478633
2983905783,allylardo,264,358,4539,2015-01-18 11:27:05+00:00,False,bot,3698,0.7353760445682451,17.128301886792453
1004050570494259201,tomestherlinson,200,196,8947,2018-06-05 17:21:25+00:00,False,human,2463,1.015228426395939,44.51243781094527
1337678305,IndieGameTrends,24114,2301,1013273,2013-04-08 21:30:03+00:00,False,bot,4347,10.475238922675935,42.01837030893635
197284836,Noviolenzadonne,1388,869,9424,2010-10-01 02:51:43+00:00,False,human,5268,1.5954022988505747,6.7847372210223185
834889075337400320,MissAmnesia23,215,340,2013,2017-02-23 22:14:01+00:00,False,bot,2930,0.6304985337243402,9.319444444444445
825731362179149824,Stella_Perlina,283,545,3923,2017-01-29 15:44:32+00:00,False,bot,2955,0.5183150183150184,13.81338028169014
932243210277130240,Patrizia22851,40,26,3448,2017-11-19 13:44:36+00:00,False,bot,2661,1.4814814814814814,84.09756097560975
902535078,Shar_FedeRossi,127,380,7985,2012-10-24 20:23:22+00:00,False,human,4513,0.3333333333333333,62.3828125
2992469811,brunetta_8,236,108,22973,2015-01-22 16:47:24+00:00,False,bot,3693,2.165137614678899,96.9324894514768
950827317571608576,mariorossi19444,10,261,2201,2018-01-09 20:31:12+00:00,False,bot,2610,0.03816793893129771,200.0909090909091
327555341,56_nico,626,224,15100,2011-07-01 19:18:35+00:00,False,bot,4994,2.7822222222222224,24.082934609250398
2349112225,GABRIELLAMARA2,701,1056,19814,2014-02-17 21:39:57+00:00,False,bot,4032,0.663197729422895,28.225071225071225
950483930003771392,Il_Pannocchia1,35,47,943,2018-01-08 21:46:42+00:00,False,bot,2611,0.7291666666666666,26.194444444444443
855102334875172866,Celica_FE,1,2,2038,2017-04-20 16:54:18+00:00,False,bot,2874,0.3333333333333333,1019.0
856884030,RenatoPradal,249,238,10282,2012-10-01 19:24:02+00:00,False,human,4536,1.0418410041841004,41.128
239861947,Halena85,310,515,28955,2011-01-18 16:09:40+00:00,False,human,5158,0.6007751937984496,93.10289389067525
82659565,emmemea,6055,452,8816,2009-10-15 16:52:52+00:00,False,bot,5618,13.36644591611479,1.4557463672391018
875005129103200257,zilianisky66,221,318,5972,2017-06-14 15:00:54+00:00,False,human,2819,0.6927899686520376,26.9009009009009
923565203253579776,PaolaBozzetto,19,38,2039,2017-10-26 15:01:18+00:00,False,bot,2685,0.48717948717948717,101.95
1244668758,CAusoni,450,1490,5341,2013-03-05 21:49:00+00:00,False,human,4381,0.30181086519114686,11.842572062084257
966343682,EmyScanu,634,627,49285,2012-11-23 15:44:52+00:00,False,bot,4483,1.0095541401273886,77.61417322834646
4358227817,sorciusbarbutus,33,122,3149,2015-12-03 05:46:42+00:00,False,bot,3379,0.2682926829268293,92.61764705882354
431089246,santilligia,2626,2875,14215,2011-12-07 22:21:57+00:00,False,human,4835,0.9130737134909597,5.411115340692805
1154282738,1IlMigliore,353,887,3077,2013-02-06 15:14:11+00:00,False,bot,4408,0.3975225225225225,8.692090395480227
2989418577,ILgrandeRIO,257,198,4264,2015-01-21 10:05:17+00:00,False,bot,3695,1.2914572864321607,16.527131782945737
801152682702622720,limar1964,113,537,5313,2016-11-22 19:57:39+00:00,False,human,3023,0.2100371747211896,46.60526315789474
720666928055001088,1DSTATSVOTESL,27,16,1750,2016-04-14 17:35:59+00:00,False,bot,3245,1.588235294117647,62.5
4701456854,Ti_Amo_Harry,72,97,913,2016-01-03 08:20:32+00:00,False,human,3348,0.7346938775510204,12.506849315068493
559917335,launizzo,517,948,19305,2012-04-21 22:59:17+00:00,False,bot,4699,0.5447839831401475,37.26833976833977
868401085802852352,BooandHazz1,29,34,1215,2017-05-27 09:38:47+00:00,False,bot,2838,0.8285714285714286,40.5
391505537,AleQuinto1,291,840,3103,2011-10-15 17:25:20+00:00,False,human,4888,0.3460166468489893,10.626712328767123
963823970507214848,MatteoArnabold1,14,117,537,2018-02-14 17:15:16+00:00,False,bot,2574,0.11864406779661017,35.8
726108618051997696,HondaClaudio,573,1365,12209,2016-04-29 17:59:19+00:00,False,human,3230,0.41947291361639827,21.270034843205575
2780612193,THESlGNOFHARRY,7482,3333,222413,2014-09-22 22:37:39+00:00,False,bot,3815,2.244151169766047,29.722437525056794
4297819397,_Meelaanie_1D_,1125,1257,56864,2015-11-27 16:09:47+00:00,False,human,3384,0.8942766295707473,50.50088809946714
970583174349840384,BrokLiljas,62,379,959,2018-03-05 08:53:56+00:00,False,human,2556,0.1631578947368421,15.222222222222221
242327193,sacchetico,1613,1566,5799,2011-01-24 14:36:17+00:00,False,human,5152,1.0293554562858966,3.592936802973978
228744087,vivitanie,1313,2333,32135,2010-12-20 15:17:26+00:00,False,bot,5187,0.5625535561268209,24.4558599695586
4874146875,giunta2016,401,819,4508,2016-02-03 15:45:21+00:00,False,bot,3316,0.48902439024390243,11.213930348258707
2799576867,DelbonoRoberto,309,1462,44138,2014-10-02 09:16:03+00:00,False,human,3806,0.21120984278879015,142.38064516129032
811246201794338818,_martydreamer01,273,219,9476,2016-12-20 16:25:41+00:00,False,human,2995,1.240909090909091,34.583941605839414
2306559009,stefaniamassim2,280,276,5955,2014-01-26 22:17:08+00:00,False,human,4054,1.0108303249097472,21.19217081850534
585091018,Ab1Disce0mnis,622,790,6310,2012-05-19 20:54:58+00:00,False,human,4671,0.786346396965866,10.12841091492777
302125749,__Spiderlily__,614,383,57910,2011-05-20 16:58:54+00:00,False,bot,5036,1.5989583333333333,94.16260162601625
788038456274522112,Rosamar70892339,164,117,3277,2016-10-17 15:26:23+00:00,False,bot,3059,1.3898305084745763,19.86060606060606
603005791,EneaMoscon,717,1239,8339,2012-06-08 19:27:54+00:00,False,human,4651,0.5782258064516129,11.614206128133704
1714082910,JessicaTzn,163,171,5534,2013-08-31 00:32:52+00:00,False,human,4203,0.9476744186046512,33.74390243902439
3245545312,simona83imperia,300,539,12889,2015-05-10 22:30:30+00:00,False,bot,3585,0.5555555555555556,42.820598006644516
995292937662664704,Valentinaserot4,16,32,648,2018-05-12 13:21:42+00:00,False,human,2487,0.48484848484848486,38.11764705882353
1000463684945240064,an1Daddiction,241,232,6496,2018-05-26 19:48:24+00:00,False,human,2473,1.0343347639484979,26.84297520661157
2982795550,Gianniontheroad,313,397,3313,2015-01-17 17:16:32+00:00,False,bot,3698,0.7864321608040201,10.550955414012739
423240463,GiusiRiccobono,527,737,8789,2011-11-28 07:56:51+00:00,False,bot,4845,0.7140921409214093,16.645833333333332
3102059566,NovellaPiazzi,101,4,11519,2015-03-21 15:35:35+00:00,False,bot,3635,20.2,112.93137254901961
4030954341,heavenloueyes,286,272,13761,2015-10-24 10:50:07+00:00,False,human,3419,1.0476190476190477,47.94773519163763
340600489,il_giga,34,67,5619,2011-07-22 23:42:57+00:00,False,human,4973,0.5,160.54285714285714
202588307,danysca22,755,1015,19497,2010-10-14 11:31:49+00:00,False,bot,5255,0.7431102362204725,25.78968253968254
2396162744,florianademiche,3472,3004,24200,2014-03-18 12:48:42+00:00,False,human,4004,1.1554076539101497,6.968039159228333
70741097,lorenzlu,444,557,9763,2009-09-01 17:55:00+00:00,False,human,5662,0.7956989247311828,21.93932584269663
825700436766314497,Seilamiacanzone,321,0,2667,2017-01-29 13:41:39+00:00,False,bot,2955,321.0,8.282608695652174
2905469547,LeCom_,769,537,23341,2014-12-04 19:45:53+00:00,False,human,3742,1.429368029739777,30.312987012987012
2984109993,RedsRita,224,466,5020,2015-01-18 14:30:20+00:00,False,bot,3697,0.4796573875802998,22.31111111111111
974977485183037441,luciolavezza,31,152,1037,2018-03-17 11:55:21+00:00,False,bot,2544,0.20261437908496732,32.40625
808272326324342785,ToniSonia,4664,819,31618,2016-12-12 11:28:34+00:00,False,human,3004,5.68780487804878,6.777706323687031
873916630828494848,Vincenz72741158,2502,4158,5421,2017-06-11 14:55:36+00:00,False,bot,2822,0.6015869199326761,2.1658010387534956
785477139235741696,hrhmaxmartian,730,1254,35615,2016-10-10 13:48:38+00:00,False,human,3066,0.5816733067729084,48.72093023255814
25851958,Yattaran,1404,385,51071,2009-03-22 18:06:59+00:00,False,human,5825,3.6373056994818653,36.349466192170816
390617262,0Claudia9,289,401,3210,2011-10-14 08:00:55+00:00,False,bot,4890,0.7189054726368159,11.068965517241379
3223929605,TornareAcasa,263,418,39601,2015-04-30 08:59:09+00:00,False,human,3596,0.6276849642004774,150.00378787878788
202305873,BrunaVerutti,203,64,19247,2010-10-13 19:12:09+00:00,False,bot,5255,3.123076923076923,94.34803921568627
2350026720,circeanna,20154,4565,122908,2014-02-18 12:17:43+00:00,False,bot,4032,4.413929040735874,6.098139419498883
548662037,Elly15vs,959,849,15373,2012-04-08 19:33:34+00:00,False,bot,4712,1.128235294117647,16.013541666666665
839937500101627904,DeiaDerosas,106,305,4489,2017-03-09 20:34:40+00:00,False,bot,2916,0.3464052287581699,41.953271028037385
3489637217,_Vylmax,215,374,10282,2015-08-30 09:29:00+00:00,False,bot,3474,0.5733333333333334,47.601851851851855
17880873,paoloross,397,783,11371,2008-12-04 22:00:56+00:00,False,human,5933,0.5063775510204082,28.57035175879397
990324412841889798,RitaGiasone,41,688,2181,2018-04-28 20:18:34+00:00,False,bot,2501,0.059506531204644414,51.92857142857143
908709155137032192,ziaiaia3,2989,1535,13815,2017-09-15 15:08:40+00:00,False,human,2726,1.9459635416666667,4.620401337792642
2976241827,Gimar95,173,1062,8554,2015-01-13 12:01:27+00:00,False,human,3703,0.1627469426152399,49.160919540229884
333431378,FilippoDuo,507,4806,21507,2011-07-11 14:43:40+00:00,False,human,4984,0.10547118785105056,42.33661417322835
898599853546242048,Trasparente_,3201,1160,7907,2017-08-18 17:37:55+00:00,False,human,2754,2.757105943152455,2.4693941286695815
2732253563,sunlaughxz,435,561,10893,2014-08-03 07:46:08+00:00,False,human,3866,0.7740213523131673,24.98394495412844
2806416940,novellapiazzi1,101,24,11311,2014-10-04 23:03:27+00:00,False,bot,3803,4.04,110.8921568627451
22009205,ceranto,2108,3613,161880,2009-02-26 13:42:48+00:00,False,human,5849,0.5832872163807415,76.75675675675676
50265477,desimonem,294,1374,9388,2009-06-24 09:54:03+00:00,False,human,5732,0.21381818181818182,31.82372881355932
1924501530,MomiraMonika,40473,32522,145520,2013-10-01 20:25:30+00:00,False,bot,4171,1.2444423946130432,3.595394574294609
974980320721240064,kasiamilla,42,0,1129,2018-03-17 12:06:37+00:00,False,bot,2544,42.0,26.25581395348837
965638639345655809,vaccarellimann1,426,488,4812,2018-02-19 17:26:07+00:00,False,human,2569,0.8711656441717791,11.269320843091334
3211470245,annatic1,382,0,5334,2015-04-27 06:18:53+00:00,False,bot,3599,382.0,13.926892950391645
999977095106367488,larrysd4ughter,63,92,893,2018-05-25 11:34:52+00:00,False,human,2475,0.6774193548387096,13.953125
2929725533,lorettalo22,468,865,5968,2014-12-18 15:55:58+00:00,False,bot,3728,0.5404157043879908,12.724946695095948
778859243655012352,pietro_pascali,14,7,6054,2016-09-22 07:31:29+00:00,False,bot,3085,1.75,403.6
1362279283,DomenicoFurioso,310,363,7277,2013-04-18 15:52:53+00:00,False,human,4337,0.8516483516483516,23.39871382636656
1012332423290478593,LefossettediNH,76,26,1229,2018-06-28 13:50:32+00:00,False,human,2440,2.814814814814815,15.96103896103896
561948464,dani89vs,804,691,10539,2012-04-24 11:39:29+00:00,False,bot,4697,1.1618497109826589,13.091925465838509
3017805851,elisabettaragg1,182,131,4886,2015-02-04 15:10:04+00:00,False,bot,3680,1.378787878787879,26.69945355191257
2919964222,giannalecca1,461,834,11501,2014-12-13 17:00:13+00:00,False,bot,3733,0.5520958083832336,24.893939393939394
702253149189439488,LaVolage,1181,1436,15582,2016-02-23 22:06:12+00:00,False,human,3296,0.8218510786360473,13.182741116751268
838435964922052608,Girasole572,28,1,2623,2017-03-05 17:08:06+00:00,False,bot,2920,14.0,90.44827586206897
2921277910,lisettaliz,166,95,4730,2014-12-14 11:30:00+00:00,False,bot,3733,1.7291666666666667,28.323353293413174
4353158674,EmilynotRata,767,599,9473,2015-12-02 18:18:17+00:00,False,human,3379,1.2783333333333333,12.334635416666666
771685684738482176,danyelaciriaco,573,326,16424,2016-09-02 12:26:19+00:00,False,human,3105,1.7522935779816513,28.613240418118465
981636477292564480,Anna2340531163,17,122,491,2018-04-04 20:55:48+00:00,False,bot,2525,0.13821138211382114,27.27777777777778
1268082668,MarcellaMelodia,882,1615,14689,2013-03-14 21:48:24+00:00,False,human,4372,0.5457920792079208,16.63533408833522
2985880540,Viola_rossa3,261,249,27592,2015-01-19 14:24:12+00:00,False,bot,3696,1.044,105.31297709923665
867072457215279104,BiancaCartei,9,50,536,2017-05-23 17:39:18+00:00,False,human,2841,0.17647058823529413,53.6
839185313461305344,vins_prince1982,9,8,4028,2017-03-07 18:45:44+00:00,False,bot,2918,1.0,402.8
1003160464543510528,MyHappiness1D1,27,55,2965,2018-06-03 06:24:27+00:00,False,human,2466,0.48214285714285715,105.89285714285714
827628152411262976,andrea_sorato,219,63,4517,2017-02-03 21:21:42+00:00,False,bot,2950,3.421875,20.53181818181818
974977242165055488,Ewa34934453,378,316,19235,2018-03-17 11:54:23+00:00,False,human,2544,1.1924290220820188,50.75197889182058
3138084547,InAnalisi,836,550,21867,2015-04-03 22:24:10+00:00,False,human,3622,1.5172413793103448,26.125448028673834
2919471316,ariacolorata2,459,898,7698,2014-12-13 11:10:39+00:00,False,bot,3734,0.5105672969966629,16.734782608695653
422699535,valentinamoscon,237,144,6710,2011-11-27 15:43:39+00:00,False,bot,4845,1.6344827586206896,28.19327731092437
1198843740,Jackill22,159,241,5666,2013-02-19 22:37:28+00:00,False,human,4395,0.6570247933884298,35.4125
3027927352,vale20152,492,1083,6079,2015-02-10 09:27:36+00:00,False,bot,3675,0.45387453874538747,12.330628803245435
2983904932,tizianafu,257,348,4481,2015-01-18 09:58:56+00:00,False,bot,3698,0.7363896848137536,17.368217054263567
548707617,antonellautopia,582,499,33761,2012-04-08 18:32:25+00:00,False,bot,4712,1.164,57.90909090909091
3035505075,_harryobsessed,942,748,53431,2015-02-13 22:03:37+00:00,False,bot,3671,1.2576769025367156,56.66065747613998
4034721759,949905e897cf45a,460,449,10546,2015-10-24 22:56:10+00:00,False,bot,3418,1.0222222222222221,22.8763557483731
977674276936519681,RossRoss5429,30,55,5263,2018-03-24 22:31:26+00:00,False,bot,2536,0.5357142857142857,169.7741935483871
3290568658,GiorgiaAziz1d,281,699,3101,2015-05-19 21:45:11+00:00,False,bot,3576,0.4014285714285714,10.99645390070922
759150086756589568,TestyMcT3stface,3,1,715011,2016-07-29 22:14:19+00:00,False,bot,3139,1.5,178752.75
4149019083,benjifede_love,204,233,6511,2015-11-09 12:27:59+00:00,False,bot,3403,0.8717948717948718,31.7609756097561
393483438,ilbolly,1237,426,44825,2011-10-18 16:12:28+00:00,False,bot,4885,2.8969555035128804,36.2075928917609
2982479962,mirandamossi,197,207,2116,2015-01-17 12:01:31+00:00,False,bot,3699,0.9471153846153846,10.686868686868687
2853761597,epicfaildrone,2791,1,141413,2014-10-31 20:33:00+00:00,False,bot,3776,1395.5,50.6493553008596
2982567281,topaccia,202,88,2798,2015-01-17 14:12:39+00:00,False,bot,3698,2.269662921348315,13.783251231527094
804840889067667457,silviapedr2016,10,8,4907,2016-12-03 00:13:15+00:00,False,bot,3013,1.1111111111111112,446.09090909090907
271466783,LoMassi,2501,1073,25906,2011-03-24 15:25:29+00:00,False,human,5093,2.328677839851024,10.354116706634692
729045489665052672,FlavianoPeluso,403,632,370,2016-05-07 20:29:24+00:00,False,human,3222,0.636650868878357,0.9158415841584159
1183194624,MARIACARMINATI1,263,489,11979,2013-02-15 17:05:35+00:00,False,bot,4399,0.536734693877551,45.375
53002473,Niebbo,3966,273,22448,2009-07-02 07:36:33+00:00,False,human,5724,14.474452554744525,5.658684144189564
534504035,Hepicuro,1443,1334,55272,2012-03-23 16:58:37+00:00,False,human,4728,1.0808988764044944,38.27700831024931
1069206085,PaoloBaldo3,1044,677,65490,2013-01-07 21:10:44+00:00,False,human,4438,1.5398230088495575,62.66985645933014
2949925353,SuperPannocchia,140,52,4939,2014-12-29 20:42:46+00:00,False,bot,3717,2.641509433962264,35.02836879432624
2968800676,DalilaIngrasci2,222,187,2705,2015-01-08 23:07:22+00:00,False,human,3707,1.1808510638297873,12.130044843049328
1010978324569640960,1D02685599,9,26,2581,2018-06-24 20:09:50+00:00,False,bot,2444,0.3333333333333333,258.1
595846370,MariaCamillagl,594,927,15344,2012-05-31 21:34:20+00:00,False,bot,4659,0.6400862068965517,25.788235294117648
2949963189,mielosa69,339,489,7639,2014-12-29 21:05:34+00:00,False,bot,3717,0.6918367346938775,22.46764705882353
326826176,PaoloLagonia,169,388,13601,2011-06-30 15:11:28+00:00,False,human,4995,0.43444730077120824,80.00588235294117
755328987795165184,GIUSPEDU,217,2064,53928,2016-07-19 09:10:38+00:00,False,human,3150,0.10508474576271186,247.37614678899084
825395422147522560,EmiliaVS1,340,519,23587,2017-01-28 17:29:38+00:00,False,bot,2956,0.6538461538461539,69.17008797653959
1109829834,EnzaAltieri,5689,2150,89502,2013-01-21 19:15:36+00:00,False,human,4424,2.6448163644816365,15.729701230228471
1005103898556760064,unfakingnews,303,63,34260,2018-06-08 15:06:58+00:00,False,human,2460,4.734375,112.69736842105263
989081978,mimi_t123,278,302,28929,2012-12-04 16:19:57+00:00,False,bot,4472,0.9174917491749175,103.68817204301075
3102658995,OttoPasser,39,289,1601,2015-03-21 20:20:53+00:00,False,human,3635,0.13448275862068965,40.025
1005568886098550785,Oned1r3c7ioner,441,1239,2688,2018-06-09 21:54:39+00:00,False,human,2459,0.3556451612903226,6.081447963800905
202212121,Armonja,763,90,13916,2010-10-13 15:03:31+00:00,False,bot,5255,8.384615384615385,18.214659685863875
1260617916,LaTiger1,1465,1876,65895,2013-03-11 23:22:20+00:00,False,human,4375,0.780500799147576,44.948840381991815
806570189429018624,TheCrewOnTheWeb,128,192,4942,2016-12-07 18:44:53+00:00,False,bot,3008,0.6632124352331606,38.310077519379846
824224632467312642,babymalik_lh,46,121,609,2017-01-25 11:57:20+00:00,False,bot,2960,0.3770491803278688,12.957446808510639
3042097091,lorettarag,496,1084,7246,2015-02-17 08:16:58+00:00,False,bot,3668,0.45714285714285713,14.579476861167002
825410712281501698,pannocchietto2,126,134,1234,2017-01-28 18:30:24+00:00,False,bot,2956,0.9333333333333333,9.716535433070867
750684233857961985,prpeugeotcrew1,92,13,5281,2016-07-06 13:34:03+00:00,False,bot,3162,6.571428571428571,56.784946236559136
2535033852,MenteObliqua,7242,1431,16955,2014-05-30 13:07:57+00:00,False,bot,3930,5.057262569832402,2.340880850476322
3002946545,eliptz66,107,144,5954,2015-01-28 10:28:51+00:00,False,bot,3688,0.7379310344827587,55.129629629629626
2918679371,anomis_anomis70,542,445,11454,2014-12-12 23:37:44+00:00,False,bot,3734,1.2152466367713004,21.093922651933703
358795296,TuLangheRoero,6933,1461,15482,2011-08-20 14:27:45+00:00,False,human,4944,4.742134062927496,2.2327660801845974
1011723273057554438,Harry00913,0,2,1455,2018-06-26 21:30:00+00:00,False,human,2442,0.0,1455.0
2996584924,MaxRossi2015,292,420,2998,2015-01-24 20:53:28+00:00,False,bot,3691,0.6935866983372921,10.2320819112628
3407591541,CarlaChianese,139,54,5472,2015-08-07 19:27:41+00:00,False,bot,3496,2.5272727272727273,39.08571428571429
1009859481214341120,Denise04955126,15,36,1351,2018-06-21 18:03:57+00:00,False,human,2447,0.40540540540540543,84.4375
826008852567031808,RubinoDue,273,544,3559,2017-01-30 10:07:11+00:00,False,bot,2955,0.5009174311926605,12.989051094890511
726332639964200960,Aaaarrrrrmmmnnn,36,112,7413,2016-04-30 08:49:30+00:00,False,bot,3230,0.3185840707964602,200.35135135135135
721817054,Fuckeveryonexox,603,284,29162,2012-07-28 08:55:57+00:00,False,human,4602,2.1157894736842104,48.28145695364238
1010610247789096960,voteforlegends5,236,456,3560,2018-06-23 19:47:14+00:00,False,bot,2445,0.5164113785557987,15.021097046413502
1086442256,CAvenali,2334,996,11729,2013-01-13 15:39:16+00:00,False,human,4432,2.341023069207623,5.023126338329765
1012110155553570816,MartiAndNiall1,12,14,454,2018-06-27 23:07:19+00:00,False,bot,2441,0.8,34.92307692307692
1011995299622064131,1DFamil22117676,14,55,418,2018-06-27 15:30:56+00:00,False,human,2441,0.25,27.866666666666667
573568763,GiovanniBaldin3,2249,2220,2662,2012-05-07 11:46:28+00:00,False,human,4684,1.0126069338135975,1.183111111111111
2920280901,sorriso_blu,269,182,3999,2014-12-13 21:01:37+00:00,False,bot,3733,1.469945355191257,14.811111111111112
415107191,Salvo1Di,573,575,6724,2011-11-17 22:30:57+00:00,False,human,4855,0.9947916666666666,11.714285714285714
2217834630,Dany1Dlove27,1725,949,32925,2013-11-27 13:54:45+00:00,False,human,4114,1.8157894736842106,19.075898030127462
202361176,eligigarda,478,886,4959,2010-10-13 21:49:00+00:00,False,bot,5255,0.5388951521984217,10.352818371607516
2579632449,BorsariElena,67,474,1300,2014-06-03 06:45:56+00:00,False,human,3927,0.14105263157894737,19.11764705882353
51703470,Tigermat,66,77,4641,2009-06-28 10:56:13+00:00,False,human,5728,0.8461538461538461,69.26865671641791
2547012645,fpatea84,85,277,3930,2014-05-14 09:10:25+00:00,False,human,3947,0.3057553956834532,45.69767441860465
1691235696,thanksdelpiero,0,0,95067,2013-08-22 14:45:57+00:00,False,human,4211,0.0,95067.0
1006938498811809793,Marivolainalto,197,191,1968,2018-06-13 16:37:00+00:00,False,human,2455,1.0260416666666667,9.93939393939394
2950692315,PaolorokOri,501,913,7204,2014-12-30 06:45:48+00:00,False,bot,3717,0.5481400437636762,14.350597609561753
834490192954290178,AleStylinson_,21,24,299,2017-02-22 19:49:00+00:00,False,bot,2931,0.84,13.590909090909092
945654953003057154,electricspirith,759,755,26700,2017-12-26 13:58:05+00:00,False,human,2624,1.003968253968254,35.13157894736842
2918674683,AlwaysGio__,305,414,3081,2014-12-12 23:55:40+00:00,False,bot,3734,0.7349397590361446,10.068627450980392
2240552686,dentista46,282,536,7067,2013-12-23 22:14:02+00:00,False,human,4088,0.5251396648044693,24.97173144876325
2983182773,claspa62,236,237,13044,2015-01-17 22:04:56+00:00,False,bot,3698,0.9915966386554622,55.037974683544306
812590099024199680,Giuseppemamone5,48,271,4411,2016-12-24 09:25:51+00:00,False,human,2992,0.17647058823529413,90.0204081632653
2982486513,TheVoiceVS,151,64,5421,2015-01-17 13:25:22+00:00,False,bot,3698,2.3230769230769233,35.66447368421053
148803815,holdon80,431,1283,5355,2010-05-27 16:58:43+00:00,False,human,5394,0.3356697819314642,12.395833333333334
489519253,GingerJCB,524,726,36541,2012-02-11 16:22:06+00:00,False,human,4769,0.7207702888583218,69.60190476190476
4189019849,giogio_al_cubo,643,1149,12883,2015-11-14 20:55:18+00:00,False,human,3397,0.5591304347826087,20.00465838509317
2982782446,GabriGabri_ts,289,381,6057,2015-01-17 17:03:45+00:00,False,bot,3698,0.756544502617801,20.886206896551723
809795080429142017,1dvote____,21,16,3150,2016-12-16 16:19:27+00:00,False,bot,2999,1.2352941176470589,143.1818181818182
585560662,AnnaFiusco,320,576,12863,2012-05-20 10:32:40+00:00,False,human,4671,0.5545927209705372,40.07165109034268
782534791975563264,Frafra20_05,250,195,2787,2016-10-02 10:56:48+00:00,False,human,3075,1.2755102040816326,11.103585657370518
276497372,Gianni_Elia,760,411,40490,2011-04-03 13:41:36+00:00,False,human,5083,1.8446601941747574,53.206307490144546
826000575657549825,GialloAmetista,258,548,3812,2017-01-30 09:34:18+00:00,False,bot,2955,0.46994535519125685,14.718146718146718
55404019,Legambiente,87971,949,29463,2009-07-09 23:46:04+00:00,False,human,5716,92.60105263157895,0.334913381530487
893832219873206273,IamKatPetrova,14,5,296,2017-08-05 13:53:02+00:00,False,bot,2767,2.3333333333333335,19.733333333333334
822162132863160321,Robin_Hood2223,238,412,3521,2017-01-19 19:21:42+00:00,False,bot,2965,0.576271186440678,14.732217573221757
2982464944,mirtillamarino,205,210,2051,2015-01-17 11:44:31+00:00,False,bot,3699,0.9715639810426541,9.95631067961165
202339780,ZiaPerla,573,779,9677,2010-10-13 20:48:16+00:00,False,bot,5255,0.7346153846153847,16.858885017421603
819902175619022849,AnnamariaMI85,2880,466,83714,2017-01-13 13:41:26+00:00,False,human,2971,6.167023554603855,29.057271780631726
989188674452639744,sunriserossi,736,879,2171,2018-04-25 17:05:32+00:00,False,human,2504,0.8363636363636363,2.9457259158751694
1718499800,edoardo858,363,797,30051,2013-09-01 09:45:20+00:00,False,human,4202,0.4548872180451128,82.5576923076923
765890238946443264,EmiGabirel,201,191,6781,2016-08-17 12:37:17+00:00,False,human,3121,1.046875,33.56930693069307
3346645053,claudyfulco,213,183,4071,2015-06-26 16:43:24+00:00,False,bot,3538,1.1576086956521738,19.023364485981308
2982506153,DeiElena,224,161,4100,2015-01-17 13:12:25+00:00,False,bot,3698,1.382716049382716,18.22222222222222
2982443524,Giovannablu,188,202,2115,2015-01-17 11:19:02+00:00,False,bot,3699,0.9261083743842364,11.19047619047619
752025755304026112,CharlyDog96,39,29,6838,2016-07-10 06:24:46+00:00,False,bot,3159,1.3,170.95
4839898869,Nene1d2,69,227,1622,2016-01-23 22:02:57+00:00,False,human,3327,0.3026315789473684,23.17142857142857
4445949435,guestofworld_,185,196,18903,2015-12-11 07:20:05+00:00,False,human,3371,0.9390862944162437,101.62903225806451
2334131662,2000gmw,157,228,4512,2014-02-09 17:42:21+00:00,False,bot,4040,0.6855895196506551,28.556962025316455
422924590,RitaRossi6,711,1000,25762,2011-11-27 21:21:30+00:00,False,bot,4845,0.7102897102897103,36.18258426966292
296318811,LavaBarocca,262,413,26799,2011-05-10 15:17:49+00:00,False,human,5046,0.6328502415458938,101.89733840304183
2376525880,Ilmeglioretweet,8960,9671,55293,2014-03-02 17:15:54+00:00,False,bot,4019,0.9263854425144747,6.170405088717777
1357959324,1dvotedfan,434,441,7579,2013-04-16 22:03:54+00:00,False,bot,4339,0.9819004524886877,17.422988505747128
784806259052666880,Rosafio40018873,145,143,3099,2016-10-08 17:22:47+00:00,False,bot,3068,1.0069444444444444,21.226027397260275
1005146327523713024,5amori,236,596,3172,2018-06-08 17:55:34+00:00,False,human,2460,0.3953098827470687,13.38396624472574
1028654280,pasala15,113,264,5510,2012-12-22 14:59:44+00:00,False,human,4454,0.42641509433962266,48.333333333333336
1050774624,OGiannino,310877,1345,27235,2012-12-31 17:17:18+00:00,False,human,4445,230.96359583952452,0.08760671388776305
3031628369,annamariams75,30,71,1993,2015-02-12 00:01:09+00:00,False,bot,3673,0.4166666666666667,64.29032258064517
1011956312580804608,Foool1d,26,60,4429,2018-06-27 12:56:00+00:00,False,bot,2441,0.4262295081967213,164.03703703703704
1857099379,eluu_eei,709,1301,24151,2013-09-12 11:09:10+00:00,False,human,4191,0.5445468509984639,34.01549295774648
425943636,BorgheseAle,175843,204,9121,2011-12-01 16:52:10+00:00,True,human,4841,857.770731707317,0.05186983917563295
868185435293585410,AriEOned,55,104,3224,2017-05-26 19:21:52+00:00,False,human,2838,0.5238095238095238,57.57142857142857
949059133893853186,itsfakefaccv,18,24,2520,2018-01-04 23:25:05+00:00,False,bot,2615,0.72,132.6315789473684
250624869,MarcoTalluto,377,415,25872,2011-02-11 13:28:45+00:00,False,human,5134,0.90625,68.44444444444444
971374169781882881,Brunystamp,46,26,4089,2018-03-07 13:17:04+00:00,False,human,2553,1.7037037037037037,87.0
834243806899867648,LuisaRoma4,72,116,3484,2017-02-22 03:29:57+00:00,False,bot,2932,0.6153846153846154,47.726027397260275
2998582175,morgabar,383,767,12969,2015-01-25 20:47:28+00:00,False,bot,3690,0.4986979166666667,33.7734375
823274532035264517,giuliac22,126,164,29977,2017-01-22 21:01:58+00:00,False,human,2962,0.7636363636363637,236.03937007874015
2951285517,ulitop,319,543,8238,2014-12-30 15:40:04+00:00,False,bot,3716,0.5863970588235294,25.74375
2300098037,alfiollo90,50,84,7281,2014-01-23 21:43:28+00:00,False,bot,4057,0.5882352941176471,142.76470588235293
2754471474,pinella69,365,516,7257,2014-08-22 10:01:28+00:00,False,bot,3847,0.7059961315280464,19.827868852459016
2560586103,DonnySbrocca,323,1556,14723,2014-05-23 17:44:28+00:00,False,human,3937,0.20745022479126526,45.44135802469136
1011940333389836288,VOTE1D95275281,4,0,297,2018-06-27 11:52:31+00:00,False,bot,2442,4.0,59.4
3873877475,paolagolfetto,22,47,11786,2015-10-05 19:42:21+00:00,False,human,3437,0.4583333333333333,512.4347826086956
1056095060,whyalesswa,2643,2510,42198,2013-01-02 21:01:21+00:00,False,human,4443,1.052568697729988,15.959909228441754
1007902743774793728,liberamentesara,41,266,1152,2018-06-16 08:28:34+00:00,False,human,2453,0.15355805243445692,27.428571428571427
1226915408,piermario_odd,407,727,18913,2013-02-28 06:57:43+00:00,False,bot,4387,0.5590659340659341,46.35539215686274
329134629,Anr_s92,220,271,9863,2011-07-04 16:02:23+00:00,False,bot,4991,0.8088235294117647,44.6289592760181
58165167,RavazzaniGuido,632,1667,21931,2009-07-19 09:41:06+00:00,False,bot,5707,0.37889688249400477,34.64612954186414
831859384695287808,lucy011307,163,196,23574,2017-02-15 13:35:07+00:00,False,bot,2938,0.8274111675126904,143.7439024390244
2920996798,SolaMente_te,233,845,3341,2014-12-14 05:56:44+00:00,False,bot,3733,0.27541371158392436,14.277777777777779
2918711542,TinoVale23,320,424,3140,2014-12-12 23:35:45+00:00,False,bot,3734,0.7529411764705882,9.781931464174455
2211763337,FraLu64,435,618,10888,2013-12-07 07:40:47+00:00,False,bot,4105,0.7027463651050081,24.972477064220183
832998854828113920,pippo0302,226,436,4022,2017-02-18 17:02:58+00:00,False,bot,2935,0.517162471395881,17.718061674008812
980211187475415042,Romina82c,31,36,4376,2018-03-31 22:32:13+00:00,False,bot,2529,0.8378378378378378,136.75
845712063251054592,DavideArena1897,34,232,7648,2017-03-25 19:00:43+00:00,False,human,2900,0.1459227467811159,218.5142857142857
524420458,MartaGobatto,952,1162,21569,2012-03-14 14:49:32+00:00,False,bot,4737,0.8185726569217541,22.63273871983211
561125828,Laura_Ganna,601,684,21307,2012-04-23 13:20:53+00:00,False,bot,4697,0.8773722627737226,35.3936877076412
4655510439,1dlarrysaf,192,448,6734,2015-12-30 16:32:37+00:00,False,human,3351,0.42761692650334077,34.89119170984456
3291561425,AutunnoSi,211,251,4165,2015-05-20 16:34:47+00:00,False,bot,3575,0.8373015873015873,19.64622641509434
987694134529052672,cliffordvshor__,11,14,1496,2018-04-21 14:06:46+00:00,False,bot,2508,0.7333333333333333,124.66666666666667
442096443,andrearomano36,160,687,2041,2011-12-20 19:02:57+00:00,False,human,4822,0.23255813953488372,12.677018633540373
633548507,stellacadente60,831,1631,21878,2012-07-12 07:39:16+00:00,False,bot,4618,0.5091911764705882,26.295673076923077
825402582579412992,Melindamarte,210,224,2006,2017-01-28 17:58:05+00:00,False,bot,2956,0.9333333333333333,9.507109004739336
1012147848496869376,VOTE1D35666206,7,12,1904,2018-06-28 01:37:06+00:00,False,bot,2441,0.5384615384615384,238.0
4082476475,cloudscouldtalk,394,1759,2942,2015-10-31 12:32:07+00:00,False,human,3412,0.22386363636363638,7.4481012658227845
1011975267915575297,Harry23533247,23,82,903,2018-06-27 14:11:20+00:00,False,bot,2441,0.27710843373493976,37.625
437486455,PatriziaPelleg2,332,477,4926,2011-12-15 13:23:46+00:00,False,human,4827,0.694560669456067,14.792792792792794
1013118357925777409,LSicuri,31,21,2610,2018-06-30 17:53:34+00:00,False,human,2438,1.4090909090909092,81.5625
434217283,SBalassone,1518,633,7965,2011-12-11 15:38:11+00:00,False,human,4831,2.3943217665615144,5.243581303489138
2672479163,ValerioRosaria,84,97,4348,2014-07-04 16:39:40+00:00,False,human,3895,0.8571428571428571,51.15294117647059
502749635,adatorelli,283,332,17572,2012-02-25 09:26:25+00:00,False,human,4756,0.8498498498498499,61.87323943661972
2980869201,sabrina_327,604,726,10103,2015-01-16 09:59:49+00:00,False,human,3700,0.8308115543328748,16.699173553719007
942158304725295104,MichyannaSalvo,0,100,371,2017-12-16 22:23:39+00:00,False,bot,2634,0.0,371.0
500980523,paola_pp77,350,648,3671,2012-02-23 17:30:09+00:00,False,human,4757,0.539291217257319,10.45868945868946
595356862,CarbonFrank,307,300,22972,2012-05-31 09:58:02+00:00,False,human,4660,1.0199335548172757,74.58441558441558
703315728766730240,_Sara_Ciancio,646,1755,4808,2016-02-26 20:28:31+00:00,False,human,3293,0.3678815489749431,7.431221020092735
923484261885374464,valerossii94,297,357,3118,2017-10-26 09:39:40+00:00,False,human,2686,0.8296089385474861,10.463087248322148
1064122518,_1djrection_,3538,4451,54355,2013-01-05 22:14:34+00:00,False,human,4440,0.7946990116801438,15.358858434586041
836505264706715649,Lovely7012,588,244,16043,2017-02-28 09:16:11+00:00,False,human,2926,2.4,27.237691001697794
1092509449,alloralola,268,927,6380,2013-01-15 16:04:14+00:00,False,human,4430,0.28879310344827586,23.71747211895911
814176367,I_am_a_Jcats,194,242,18758,2012-09-10 00:43:08+00:00,False,bot,4558,0.7983539094650206,96.1948717948718
825380362226429953,Barby21217171,129,77,4566,2017-01-28 16:29:47+00:00,False,bot,2956,1.6538461538461537,35.12307692307692
2998556339,MStruttura,121,50,4772,2015-01-25 20:33:00+00:00,False,bot,3690,2.372549019607843,39.114754098360656
891652563795181573,lorentthia,52,72,1995,2017-07-30 13:31:52+00:00,False,human,2773,0.7123287671232876,37.64150943396226
2984398203,aurorapani,292,424,4669,2015-01-18 18:23:40+00:00,False,bot,3697,0.6870588235294117,15.935153583617748
20432064,ederoclite,12082,2012,26887,2009-02-09 12:37:22+00:00,False,human,5867,6.0019870839542975,2.2251924191012167
1012085786043453440,hhh72707545,3,5,159,2018-06-27 21:30:29+00:00,False,human,2441,0.5,39.75
160179878,roscoffo,499,2396,5510,2010-06-27 12:13:43+00:00,False,human,5364,0.20817688777638715,11.02
3021446434,sonoacido1,308,568,5906,2015-02-06 12:46:14+00:00,False,bot,3679,0.5413005272407733,19.113268608414238
4782660614,trattomale,5376,884,57973,2016-01-19 10:49:36+00:00,False,human,3332,6.074576271186441,10.781662637158266
822108222353981442,allina1712,93,181,4576,2017-01-19 15:47:29+00:00,False,bot,2965,0.510989010989011,48.680851063829785
1000351128389865477,Anita_Rebekah,169,229,3561,2018-05-26 12:21:09+00:00,False,human,2474,0.7347826086956522,20.94705882352941
561480213,NoemiServizio,1624,944,12597,2012-04-23 19:18:21+00:00,False,human,4697,1.7185185185185186,7.752
4548516682,barbaruccia2,297,557,4133,2015-12-20 17:41:30+00:00,False,bot,3361,0.532258064516129,13.869127516778523
1034383638,xyfraofk,498,699,11277,2012-12-25 09:10:21+00:00,False,human,4452,0.7114285714285714,22.599198396793586
549173992,NonnaMario,329,449,2419,2012-04-09 12:03:46+00:00,False,bot,4712,0.7311111111111112,7.33030303030303
728183118457384960,AngelaMascara,261,609,13218,2016-05-05 11:22:39+00:00,False,bot,3225,0.4278688524590164,50.45038167938932
866147862,Nazzi_Mi,13120,7964,201085,2012-10-07 11:04:08+00:00,False,human,4531,1.6472065285624609,15.325432512765795
562092002,manola_piredda,641,467,14312,2012-04-24 15:02:49+00:00,False,bot,4696,1.3696581196581197,22.292834890965732
4549605137,leone150872,733,1259,20684,2015-12-20 20:14:22+00:00,False,human,3361,0.5817460317460318,28.17983651226158
804851456310439936,sonia_minipony,7,8,4760,2016-12-03 00:55:15+00:00,False,bot,3013,0.7777777777777778,595.0
184810052,___andremauro__,2020,1183,17557,2010-08-30 14:56:30+00:00,False,bot,5299,1.7060810810810811,8.687283523008412
2920497934,Tremendamenteme,333,995,5967,2014-12-13 22:38:47+00:00,False,bot,3733,0.33433734939759036,17.865269461077844
897538992345927680,Vale_CaraVs,88,109,2917,2017-08-15 19:22:26+00:00,False,bot,2757,0.8,32.7752808988764
1010605695601963008,blankxstyles,8,2,6192,2018-06-23 19:29:08+00:00,False,bot,2445,2.6666666666666665,688.0
520683997,scofieldsbaby,5483,5115,43094,2012-03-10 19:51:26+00:00,False,human,4741,1.071735731039875,7.858132749817651
136653194,Pippo968,166,293,7727,2010-04-24 14:41:09+00:00,False,human,5427,0.564625850340136,46.26946107784431
601660948,piricoddi,667,266,30556,2012-06-07 07:44:35+00:00,False,human,4653,2.49812734082397,45.74251497005988
1012607637026983936,5boys1D2,7,10,575,2018-06-29 08:04:08+00:00,False,bot,2440,0.6363636363636364,71.875
2336493886,santone1973,865,738,25584,2014-02-10 21:35:37+00:00,False,human,4039,1.1705006765899866,29.54272517321016
1011334857966931968,Mochilover2,30,7,4469,2018-06-25 19:46:34+00:00,False,human,2443,3.75,144.16129032258064
4352856142,Benedet84186855,224,289,4937,2015-12-02 17:37:42+00:00,False,human,3379,0.7724137931034483,21.942222222222224
847497841,PiLu975,1160,1226,96148,2012-09-26 14:20:42+00:00,False,human,4541,0.9453952730236349,82.81481481481481
3315099276,giorgiocupelli,150,217,8889,2015-08-14 15:03:22+00:00,False,bot,3489,0.6880733944954128,58.86754966887417
2919407973,polveredistell7,434,783,6425,2014-12-13 11:13:24+00:00,False,bot,3734,0.5535714285714286,14.770114942528735
276026459,avatar1dory,1752,2946,43984,2011-04-02 14:03:48+00:00,False,human,5084,0.5945028842891076,25.0907016543069
2939550185,Enpatreviso,455,221,7740,2014-12-24 14:19:03+00:00,False,human,3722,2.0495495495495497,16.973684210526315
968196446,1DAnneStyles,141,269,13133,2012-11-24 15:14:55+00:00,False,human,4482,0.5222222222222223,92.48591549295774
412155718,PietroGrassini,363,2151,3622,2011-11-14 10:08:28+00:00,False,human,4859,0.16868029739776952,9.95054945054945
761487243353743360,asia2998,783,603,7959,2016-08-05 09:01:21+00:00,False,human,3133,1.2963576158940397,10.151785714285714
133460400,Pius_XII,1869,1856,53575,2010-04-15 21:26:28+00:00,False,human,5436,1.0064620355411955,28.649732620320854
421858976,LorisDeluxe,1517,2971,36571,2011-11-26 13:40:25+00:00,False,human,4846,0.5104306864064603,24.091567852437418
825028579767390208,ladyna14,88,67,4179,2017-01-27 17:11:56+00:00,False,bot,2957,1.2941176470588236,46.95505617977528
548764543,SavianaVS,711,736,20155,2012-04-08 22:35:07+00:00,False,bot,4712,0.9647218453188603,28.30758426966292
2580731380,geomagalunare,72,210,2772,2014-06-03 16:03:10+00:00,False,bot,3926,0.3412322274881517,37.97260273972603
2767540864,WendyJacker2000,453,573,4334,2014-09-11 22:04:59+00:00,False,human,3826,0.789198606271777,9.54625550660793
3028624132,mimmapolpo,280,509,5360,2015-02-10 19:07:19+00:00,False,bot,3674,0.5490196078431373,19.07473309608541
2992407304,chiara_220896,17300,17314,86895,2015-01-22 15:45:25+00:00,False,human,3693,0.9991336991048224,5.022542049592509
1123481,Cafeponci,2061,2831,63945,2007-03-13 23:13:16+00:00,False,human,6565,0.7277542372881356,31.011154219204656
2781237202,linosegna,98,222,5547,2014-09-23 12:57:46+00:00,False,human,3814,0.43946188340807174,56.03030303030303
3224618207,Giovanni1DiMaio,421,788,26433,2015-04-30 14:51:36+00:00,False,human,3595,0.5335868187579215,62.63744075829384
831785890552877062,IlaryBlacks,75,57,2274,2017-02-15 08:43:04+00:00,False,bot,2939,1.293103448275862,29.92105263157895
922839841,MarcoMameli2,1968,1882,9474,2012-11-03 09:31:41+00:00,False,bot,4504,1.0451407328730749,4.8115794819705435
3173307514,vuotodaria,50,104,1100,2015-04-16 16:23:59+00:00,False,human,3609,0.47619047619047616,21.568627450980394
989116382611755009,FlauretZoe,8,8,313,2018-04-25 12:18:17+00:00,False,human,2505,0.8888888888888888,34.77777777777778
822200874,insomniac39012,278,273,24473,2012-09-13 21:23:00+00:00,False,human,4554,1.0145985401459854,87.7168458781362
816242626332598272,pazzepericlario,36,147,1762,2017-01-03 11:19:42+00:00,False,bot,2982,0.24324324324324326,47.62162162162162
1367800687,Fionami1,94,241,4081,2013-04-20 19:11:00+00:00,False,human,4335,0.3884297520661157,42.95789473684211
2896312810,Cri1DBenjieFede,366,434,23553,2014-11-28 18:50:35+00:00,False,bot,3748,0.8413793103448276,64.17711171662125
390778324,fran_rkid,588,2671,29456,2011-10-14 14:55:41+00:00,False,human,4889,0.22005988023952097,50.01018675721562
752099077756686336,Ilaria1605,594,1218,16181,2016-07-10 11:16:08+00:00,False,human,3159,0.48728465955701394,27.194957983193277
506048809,gianmarcoespos2,128,465,1794,2012-02-27 16:12:30+00:00,False,human,4753,0.27467811158798283,13.906976744186046
750998654534750208,pisanodocchee,72,144,6965,2016-07-07 10:23:27+00:00,False,bot,3162,0.496551724137931,95.41095890410959
1006016766,LiviMonica,723,1347,12413,2012-12-12 10:20:59+00:00,False,bot,4465,0.5363501483679525,17.145027624309392
950821235407163392,michesoria86,12,123,2212,2018-01-09 20:07:02+00:00,False,bot,2610,0.0967741935483871,170.15384615384616
2363390223,PafSamu,215,645,18083,2014-02-24 18:12:50+00:00,False,human,4025,0.3328173374613003,83.7175925925926
808773963023286273,lucynothalee,63,114,2605,2016-12-13 20:41:53+00:00,False,bot,3002,0.5478260869565217,40.703125
741328501094121472,LaRagazzaTomli1,213,900,2302,2016-06-10 17:57:42+00:00,False,human,3188,0.23640399556048836,10.757009345794392
2985820509,gardi_2,212,152,22783,2015-01-19 14:32:21+00:00,False,bot,3696,1.3856209150326797,106.96244131455398
422947897,TangaloaLazia,575,496,7033,2011-11-27 21:58:56+00:00,False,bot,4845,1.1569416498993963,12.210069444444445
554630722,Lisa96_Vs,760,804,24844,2012-04-15 20:45:55+00:00,False,bot,4705,0.9440993788819876,32.646517739816034
839190638264528897,ema208gti,5,28,4119,2017-03-07 19:06:54+00:00,False,bot,2918,0.1724137931034483,686.5
2984510759,rosafiore13,246,195,10491,2015-01-18 19:21:14+00:00,False,bot,3697,1.2551020408163265,42.473684210526315
1011936924125327361,since2010lovs,31,92,434,2018-06-27 11:38:58+00:00,False,bot,2442,0.3333333333333333,13.5625
1010968620866965506,1DVoting28,13,5,2525,2018-06-24 19:31:16+00:00,False,bot,2444,2.1666666666666665,180.35714285714286
4490976615,domusperusia,111,815,2164,2015-12-15 10:27:25+00:00,False,human,3367,0.13602941176470587,19.321428571428573
992839373405093888,JmeJMG,73,130,4972,2018-05-05 18:52:07+00:00,False,bot,2494,0.5572519083969466,67.1891891891892
2771208186,lory_rubin,110,66,2868,2014-08-26 21:04:35+00:00,False,bot,3842,1.6417910447761195,25.83783783783784
750994229216833536,208_alien,53,62,6836,2016-07-07 10:05:51+00:00,False,bot,3162,0.8412698412698413,126.5925925925926
977928174582616064,Fausto77969754,203,53,9789,2018-03-25 15:20:20+00:00,False,human,2535,3.759259259259259,47.98529411764706
969646849228525574,jiminieikigai,6,16,423,2018-03-02 18:53:18+00:00,False,bot,2558,0.35294117647058826,60.42857142857143
1064261450,StefaniSer,1435,1043,53067,2013-01-05 23:21:50+00:00,False,human,4440,1.3745210727969348,36.95473537604457
606575726,rbgiova,44,447,2958,2012-06-12 19:34:24+00:00,False,human,4647,0.09821428571428571,65.73333333333333
442144847,lillialf,199,441,1642,2011-12-20 20:07:22+00:00,False,human,4822,0.4502262443438914,8.21
774339716409921540,maxabbate1978,14,16,6181,2016-09-09 20:12:29+00:00,False,bot,3097,0.8235294117647058,412.06666666666666
804846189439057921,marco_fiorotti,9,8,4910,2016-12-03 00:34:19+00:00,False,bot,3013,1.0,491.0
1011913641548009472,NiallIsAnIdiot,65,68,1242,2018-06-27 10:06:27+00:00,False,human,2442,0.9420289855072463,18.818181818181817
950998000742141952,Gianni67055117,354,764,1244,2018-01-10 07:49:26+00:00,False,human,2610,0.4627450980392157,3.5042253521126763
911509904795545600,GennusaGiusi,5,13,4090,2017-09-23 08:37:51+00:00,False,human,2719,0.35714285714285715,681.6666666666666
455749051,plustoutseul,10041,2942,196075,2012-01-05 13:31:05+00:00,False,human,4806,3.411824668705403,19.52549292969528
554539740,FiorinoKetty,414,328,8112,2012-04-15 16:17:08+00:00,False,bot,4705,1.2583586626139818,19.54698795180723
1012089312794509312,1d_votate,25,52,1326,2018-06-27 21:44:30+00:00,False,human,2441,0.4716981132075472,51.0
177548621,DAMarciano92,251,1348,5910,2010-08-12 12:35:47+00:00,False,human,5318,0.18606375092661231,23.452380952380953
2385911950,GreyUnicorns,561,516,7612,2014-03-05 17:04:40+00:00,False,human,4016,1.0851063829787233,13.544483985765124
486025962,EffeCi5,355,457,22023,2012-02-07 20:56:40+00:00,False,human,4773,0.7751091703056768,61.8623595505618
2455009450,improta71,91,204,2026,2014-04-02 13:23:45+00:00,False,bot,3988,0.44390243902439025,22.02173913043478
2237617592,alexa1163,8066,2146,34265,2013-12-09 13:06:18+00:00,False,human,4102,3.7568700512342805,4.247551754059749
2837970855,CatholicTweet1,4843,1973,61488,2014-10-20 11:15:14+00:00,False,bot,3788,2.4533941236068895,12.693641618497109
3122007425,GiuliFioravanzo,145,326,4931,2015-03-27 19:02:16+00:00,False,human,3629,0.4434250764525994,33.773972602739725
978697024722829312,ElfoInformatico,360,598,7199,2018-03-27 18:15:28+00:00,False,human,2533,0.6010016694490818,19.941828254847646
740647957091999744,fabrossoni4,148,1697,984,2016-06-08 20:53:28+00:00,False,bot,3190,0.08716136631330977,6.604026845637584
2364628874,Jankar1d5a6fc4,125,362,1818,2014-02-27 20:33:13+00:00,False,human,4022,0.3443526170798898,14.428571428571429
3419845179,blu3n1ghtw0lf,351,784,8407,2015-08-13 10:44:06+00:00,False,bot,3491,0.44713375796178345,23.883522727272727
1000029438233448448,Mario10983853,11,39,475,2018-05-25 15:02:52+00:00,False,human,2474,0.275,39.583333333333336
962445055,marcolinoneri,90,67,2143,2012-11-21 13:51:13+00:00,False,bot,4485,1.3235294117647058,23.54945054945055
1244391379,ArtBeatIdeas,677,166,15272,2013-03-05 18:47:20+00:00,False,human,4381,4.053892215568863,22.525073746312685
363938347,udcandrano,414,387,18637,2011-08-28 23:17:05+00:00,False,human,4936,1.0670103092783505,44.908433734939756
979300010843168772,DianaMu82095574,12,68,835,2018-03-29 10:11:31+00:00,False,bot,2532,0.17391304347826086,64.23076923076923
468385317,MariaNicola2,287,165,36223,2012-01-19 13:48:37+00:00,False,bot,4792,1.7289156626506024,125.77430555555556
1009719238616145920,maricos7,21,93,538,2018-06-21 08:46:40+00:00,False,bot,2448,0.22340425531914893,24.454545454545453
456210073,MarcellaGiVi,296,463,9443,2012-01-06 00:33:07+00:00,False,bot,4806,0.6379310344827587,31.794612794612796
825717413689835521,ciarly7498,220,517,2787,2017-01-29 14:49:07+00:00,False,bot,2955,0.4247104247104247,12.610859728506787
186977143,Queerrilla,5270,1053,84358,2010-09-04 22:57:07+00:00,False,human,5294,5.0,16.00417378106621
940196016409731072,_ifellinlove1D_,427,1996,4469,2017-12-11 12:26:13+00:00,False,human,2640,0.21382073109664496,10.44158878504673
804848726741282816,davide_rigoni16,12,8,4949,2016-12-03 00:44:24+00:00,False,bot,3013,1.3333333333333333,380.6923076923077
824903248599355395,Babi47671391,175,86,4750,2017-01-27 08:53:55+00:00,False,bot,2958,2.0114942528735633,26.988636363636363
1331398375,FiliFuli,413,807,14899,2013-04-06 11:41:18+00:00,False,human,4350,0.5111386138613861,35.98792270531401
2982546107,Gabri_Razzoli,514,0,11040,2015-01-17 13:52:14+00:00,False,bot,3698,514.0,21.436893203883496
484162494,flaviabettini,309,412,8761,2012-02-05 20:07:22+00:00,False,bot,4775,0.7481840193704601,28.261290322580646
1459595030,ACCOUNTPERVOTI,21,171,1596,2013-05-26 13:02:43+00:00,False,bot,4299,0.12209302325581395,72.54545454545455
617171996,cercinico,135,218,6337,2012-06-24 14:35:33+00:00,False,human,4635,0.6164383561643836,46.595588235294116
2432948813,fabioferrero71,549,137,74227,2014-03-24 09:24:14+00:00,False,human,3998,3.9782608695652173,134.95818181818183
2919429628,Mithra_01,148,229,14023,2014-12-13 10:35:02+00:00,False,bot,3734,0.6434782608695652,94.11409395973155
2950711839,pittore1960,408,875,5856,2014-12-30 07:09:34+00:00,False,bot,3717,0.4657534246575342,14.317848410757946
125072714,ArmataScanu,2456,26,10531,2010-03-21 15:52:49+00:00,False,bot,5461,90.96296296296296,4.286121286121286
1011189105923784704,1d_choice,62,42,11204,2018-06-25 10:07:24+00:00,False,bot,2444,1.441860465116279,177.84126984126985
883611156228825088,1d_allmylove_,920,1091,25742,2017-07-08 08:58:11+00:00,False,human,2796,0.8424908424908425,27.950054288816503
2983016661,io_principe,234,151,3615,2015-01-17 20:16:21+00:00,False,bot,3698,1.5394736842105263,15.382978723404255
1011923110617116672,TOMMOTHEBEST1,74,100,655,2018-06-27 10:44:04+00:00,False,human,2442,0.7326732673267327,8.733333333333333
2862813495,MiMaresca429,59,186,1878,2014-11-05 17:10:56+00:00,False,human,3771,0.3155080213903743,31.3
2870733197,indybalasarms,181,146,10658,2014-11-10 15:45:31+00:00,False,human,3766,1.2312925170068028,58.56043956043956
233223130,mammaraffy,1248,1822,44428,2011-01-02 17:14:29+00:00,False,bot,5174,0.6845858475041141,35.57085668534828
271012954,mammagiulietta,81,182,2942,2011-03-23 17:52:45+00:00,False,human,5094,0.4426229508196721,35.8780487804878
1086915288,preto_carla,57,8,7850,2013-01-13 18:55:11+00:00,False,bot,4432,6.333333333333333,135.3448275862069
2267806358,ottogattotto,10339,3239,101004,2013-12-29 19:26:22+00:00,False,human,4082,3.1910493827160495,9.768278529980657
201197015,claudiamamy,924,920,31875,2010-10-11 09:30:44+00:00,False,bot,5258,1.003257328990228,34.45945945945946
2951460352,margotcheri,265,0,6225,2014-12-30 16:43:27+00:00,False,bot,3716,265.0,23.402255639097746
1011952811674828800,BadGuyEilish_,68,69,5078,2018-06-27 12:42:06+00:00,False,bot,2442,0.9714285714285714,73.59420289855072
3042187528,torrianas,469,839,5539,2015-02-17 09:00:11+00:00,False,bot,3668,0.5583333333333333,11.785106382978723
162672772,darkangel78,1054,2072,18433,2010-07-04 10:39:02+00:00,False,bot,5357,0.5084418716835504,17.472037914691942
627733507,Pattynavmeli9,262,22,8877,2012-07-05 20:57:11+00:00,False,bot,4624,11.391304347826088,33.752851711026615
926532287675731976,GPettella,2,153,3032,2017-11-03 19:31:26+00:00,False,bot,2677,0.012987012987012988,1010.6666666666666
2996521607,Melissa1D13,38,0,18632,2015-01-24 20:40:54+00:00,False,human,3691,38.0,477.7435897435897
1216009520,magnomiche,3077,1405,16226,2013-02-24 16:58:37+00:00,False,human,4390,2.1884779516358464,5.271604938271605
461015426,CinziaMolinari,1118,751,48043,2012-01-11 10:54:07+00:00,False,bot,4801,1.4867021276595744,42.93386952636283
1004423026027520001,cararosss,367,942,5634,2018-06-06 18:01:25+00:00,False,human,2462,0.38918345705196183,15.309782608695652
3500831,CapaGira,1912,1583,195705,2007-04-05 08:02:54+00:00,False,human,6543,1.207070707070707,102.30266596968113
717335652791107584,Mariucc17684432,308,408,14196,2016-04-05 12:58:41+00:00,False,human,3254,0.7530562347188264,45.94174757281554
2921357452,federicoinfa,164,84,4891,2014-12-14 12:45:07+00:00,False,bot,3733,1.9294117647058824,29.64242424242424
839182595875274752,stefano_bbq,8,10,4170,2017-03-07 18:34:57+00:00,False,bot,2918,0.7272727272727273,463.3333333333333
14906561,k009034,17419,11121,907461,2008-05-26 08:08:19+00:00,False,human,6126,1.5661751483546125,52.09305396096441
911914830793240577,cristinamilani_,103,94,964,2017-09-24 11:26:53+00:00,False,human,2718,1.0842105263157895,9.26923076923077
424907383,FabioTraversa,3793,1684,51093,2011-11-30 09:42:07+00:00,False,human,4843,2.2510385756676556,13.466789667896679
979783776489353216,Vivian7412,844,873,6866,2018-03-30 18:13:50+00:00,False,human,2530,0.965675057208238,8.125443786982249
822202598526623744,goi_ita,9,0,767,2017-01-19 22:02:30+00:00,False,human,2965,9.0,76.7
831165187994574850,Cassandra6624,295,585,15683,2017-02-13 15:36:37+00:00,False,bot,2940,0.5034129692832765,52.983108108108105
1012070142719774720,1dVotate,20,3,824,2018-06-27 20:28:20+00:00,False,bot,2441,5.0,39.23809523809524
825460743445286913,ranzoniana1,339,765,2762,2017-01-28 21:49:12+00:00,False,bot,2956,0.4425587467362924,8.123529411764705
989748219776126978,Emma92517603,262,235,3750,2018-04-27 06:08:58+00:00,False,human,2503,1.1101694915254237,14.258555133079849
3030965421,magitotano,305,614,5056,2015-02-11 18:57:54+00:00,False,bot,3673,0.4959349593495935,16.522875816993466
993286910650015744,Mays1Dmeme,131,51,16907,2018-05-07 00:30:28+00:00,False,human,2493,2.519230769230769,128.08333333333334
3098888799,gasperino75,133,240,18128,2015-03-20 10:38:32+00:00,False,human,3637,0.5518672199170125,135.28358208955223
963118390876491776,RipassoRt,470,483,15710,2018-02-12 18:31:33+00:00,False,bot,2576,0.9710743801652892,33.35456475583864
948982405838397441,LupoLupo14,38,9,2983,2018-01-04 18:20:11+00:00,False,bot,2615,3.8,76.48717948717949
832346968101888002,vasivas3,149,304,3019,2017-02-16 21:52:36+00:00,False,bot,2937,0.4885245901639344,20.126666666666665
2797764234,FrancescaDivs,475,144,15247,2014-09-08 12:09:29+00:00,False,bot,3830,3.2758620689655173,32.03151260504202
549384602,Ne_Ilaria,445,88,4661,2012-04-09 17:09:34+00:00,False,bot,4711,5.0,10.45067264573991
959255458774122496,1dinmyheartA,109,0,4312,2018-02-02 02:41:38+00:00,False,human,2587,109.0,39.2
916187275133890565,78Aya80,22,30,1909,2017-10-06 06:24:03+00:00,False,bot,2706,0.7096774193548387,83.0
4818612196,FartFromAmerika,3904,2628,91466,2016-01-16 17:01:28+00:00,False,human,3334,1.4849752757702548,23.422791293213827
950821515364372480,Pezzone73,2,30,2198,2018-01-09 20:08:09+00:00,False,bot,2610,0.06451612903225806,732.6666666666666
561474634,marinellazanine,151,7,23732,2012-04-23 21:12:29+00:00,False,bot,4697,18.875,156.1315789473684
784803897483358208,rosa6644,157,167,3497,2016-10-08 17:13:24+00:00,False,bot,3068,0.9345238095238095,22.132911392405063
4836438088,BrunaMarini5,709,424,16214,2016-01-22 21:09:58+00:00,False,human,3328,1.668235294117647,22.83661971830986
2984643466,iitsclarry,140,194,298,2015-01-18 20:30:32+00:00,False,bot,3697,0.717948717948718,2.1134751773049647
700244333,GiacomoNesci,281,1249,2658,2013-10-02 18:22:34+00:00,False,human,4170,0.2248,9.425531914893616
3031331457,Noemi929496,1481,3897,11668,2015-02-11 21:44:37+00:00,False,human,3673,0.37993842996408417,7.873144399460189
942142510360596480,chiara__92,83,176,2793,2017-12-16 21:20:53+00:00,False,human,2634,0.4689265536723164,33.25
407609289,diazepam1g,5340,1670,60052,2011-11-08 09:08:34+00:00,False,human,4865,3.1956912028725313,11.243587343194159
1006252077536997377,Shadowmere16,257,652,9579,2018-06-11 19:09:25+00:00,False,human,2457,0.39356814701378257,37.127906976744185
1011716963498909696,IaIaIie,353,996,2882,2018-06-26 21:04:55+00:00,False,human,2442,0.354062186559679,8.141242937853107
549375513,elisabettadelog,876,1134,57076,2012-04-09 14:58:39+00:00,False,bot,4711,0.771806167400881,65.08095781071836
1012132071073112064,1dvoteeplss,63,88,3138,2018-06-28 00:34:25+00:00,False,bot,2441,0.7078651685393258,49.03125
883056345200635904,RoseNereXII,42,37,901,2017-07-06 20:13:33+00:00,False,human,2797,1.105263157894737,20.953488372093023
1012049887947456512,1DDirec47313447,2,1,1641,2018-06-27 19:07:51+00:00,False,bot,2441,1.0,547.0
796687702141845504,roboadvisoryw,331,194,11769,2016-11-10 12:15:24+00:00,False,bot,3036,1.6974358974358974,35.44879518072289
1886073978,angelstrange200,261,445,7467,2013-09-20 10:32:58+00:00,False,bot,4183,0.5852017937219731,28.5
2984381056,cinziagenziana,184,136,5167,2015-01-18 17:20:59+00:00,False,bot,3697,1.3430656934306568,27.92972972972973
32604352,coupongenie,2085,112,179287,2009-04-17 21:40:19+00:00,False,bot,5799,18.451327433628318,85.9477468839885
2862202113,giusychiacchio,170,70,3456,2014-11-05 10:33:29+00:00,False,human,3772,2.3943661971830985,20.210526315789473
2982584363,chicchiola,170,49,1919,2015-01-17 14:26:25+00:00,False,bot,3698,3.4,11.222222222222221
825979861659443201,pirasemy,385,523,20884,2017-01-30 08:11:59+00:00,False,bot,2955,0.7347328244274809,54.10362694300518
2339156160,shawcesca,1412,1244,3447,2014-02-11 21:16:31+00:00,False,bot,4038,1.134136546184739,2.4394904458598727
971721103,fefinus,293,190,10817,2012-11-26 10:30:53+00:00,False,bot,4481,1.5340314136125655,36.79251700680272
950817898389540864,francescomosti6,8,149,2219,2018-01-09 19:53:47+00:00,False,bot,2610,0.05333333333333334,246.55555555555554
2264615275,RobyMasetti,6626,4978,32498,2013-12-27 16:40:41+00:00,False,human,4084,1.3307893151235188,4.903878074543534
3017654309,MuduPina,310,710,6700,2015-02-04 14:07:16+00:00,False,bot,3680,0.4360056258790436,21.543408360128616
1006066460,Bobetta3,697,1276,10359,2012-12-12 10:48:37+00:00,False,bot,4465,0.5458104933437745,14.840974212034384
2984400682,valedisco,174,94,5004,2015-01-18 17:34:46+00:00,False,bot,3697,1.831578947368421,28.594285714285714
615539623,leclerckkonenn7,2653,857,167139,2012-06-22 21:18:02+00:00,False,human,4637,3.0920745920745922,62.976262245666916
4046597542,secesecwolf,1278,2858,26439,2015-10-26 13:50:05+00:00,False,human,3416,0.44700944386149005,20.67161845191556
823299348331134976,_lovelyqian,185,160,44320,2017-01-22 22:40:35+00:00,False,human,2962,1.1490683229813665,238.27956989247312
3020402578,roxiscar,260,204,12896,2015-02-05 19:38:12+00:00,False,bot,3679,1.2682926829268293,49.40996168582375
2367002093,LookInThyHeart_,3749,3507,21977,2014-02-26 13:50:49+00:00,False,human,4023,1.0687001140250856,5.860533333333334
1481404124,luigic64,542,650,10720,2013-06-04 05:06:23+00:00,False,human,4291,0.8325652841781874,19.742173112338858
2949953224,MariaTeresa1002,127,328,1748,2014-12-29 20:18:56+00:00,False,human,3717,0.3860182370820669,13.65625
751373947262869504,artemide1984,28,47,6789,2016-07-08 11:14:43+00:00,False,bot,3161,0.5833333333333334,234.10344827586206
2918732806,Sardalice2014,278,402,3236,2014-12-12 23:50:22+00:00,False,bot,3734,0.6898263027295285,11.598566308243727
765296964401557505,benilmiosorriso,1139,69,43862,2016-08-15 21:19:49+00:00,False,bot,3122,16.271428571428572,38.47543859649123
831914104507990016,BigiPiero,84,42,3858,2017-02-15 17:12:33+00:00,False,bot,2938,1.9534883720930232,45.38823529411765
625712362,CaressaGiovanni,2285,1771,38011,2012-07-03 16:58:35+00:00,False,human,4626,1.2895033860045146,16.627734033245844
2982526985,JustinevMara,627,1215,15062,2015-01-17 13:33:32+00:00,False,bot,3698,0.515625,23.984076433121018
831131341253124096,dora_momi,95,55,4038,2017-02-13 13:22:08+00:00,False,bot,2940,1.6964285714285714,42.0625
735822179783303169,gbrugnoli70,456,362,1104,2016-05-26 13:17:33+00:00,False,bot,3203,1.256198347107438,2.4157549234135667
3337054126,paciocia88,1358,229,11192,2015-06-20 14:38:19+00:00,False,human,3544,5.904347826086957,8.235467255334806
4636530203,emanuela635,379,698,4456,2015-12-28 22:05:15+00:00,False,bot,3353,0.542203147353362,11.726315789473684
2419259186,Gisi1D_06,865,902,9823,2014-03-30 16:54:40+00:00,False,human,3991,0.9579180509413068,11.34295612009238
1202102875,ArmandoAlej,217,292,6020,2013-02-20 20:35:38+00:00,False,human,4394,0.7406143344709898,27.61467889908257
4636335555,gessica_bravi,363,0,4437,2015-12-28 21:46:14+00:00,False,bot,3353,363.0,12.18956043956044
4580699608,dorigoalessia1,253,201,11793,2015-12-23 17:28:45+00:00,False,bot,3358,1.2524752475247525,46.42913385826772
1301400318,Nofeartohorses,675,339,88127,2013-03-25 22:30:47+00:00,False,human,4361,1.9852941176470589,130.3653846153846
2269447992,Ele_1DMD,449,512,27131,2013-12-30 21:24:37+00:00,False,bot,4081,0.8752436647173489,60.291111111111114
896437116766388224,HospitalityMatt,2026,99,45928,2017-08-12 18:23:58+00:00,False,human,2760,20.26,22.65811544153922
2949998247,emiliasal46,330,542,8029,2014-12-29 21:26:54+00:00,False,bot,3717,0.6077348066298343,24.25679758308157
986192376241770499,Hi1DHavemySoul,193,455,1472,2018-04-17 10:39:19+00:00,False,human,2513,0.4232456140350877,7.587628865979381
360046793,gattineri123,344,1088,4196,2011-08-22 16:09:17+00:00,False,human,4942,0.31588613406795224,12.16231884057971
769392715,RichiMasu,5125,606,92406,2012-08-20 11:58:04+00:00,False,human,4579,8.44316309719934,18.0269215762778
363954532,venus_in_furia,220,270,6302,2011-08-28 23:56:00+00:00,False,human,4936,0.8118081180811808,28.5158371040724
3007724008,76lauraLaura,12,6,1230,2015-01-31 13:37:07+00:00,False,bot,3684,1.7142857142857142,94.61538461538461
994684151046524928,Harry1D_4,152,133,5101,2018-05-10 21:02:36+00:00,False,human,2489,1.1343283582089552,33.33986928104575
278767989,Imperatrice17,435,4999,3886,2011-04-07 23:06:30+00:00,False,human,5079,0.087,8.912844036697248
494889421,Laus264,87,276,2072,2012-02-17 11:10:37+00:00,False,human,4764,0.3140794223826715,23.545454545454547
4826949964,DonatellaTosati,338,662,4321,2016-01-19 15:53:58+00:00,False,bot,3331,0.5098039215686274,12.746312684365781
781523989793497088,Loretta26212914,253,289,5713,2016-09-29 16:00:14+00:00,False,bot,3077,0.8724137931034482,22.492125984251967
503680418,MagiMudu,1167,1508,62145,2012-02-25 23:07:26+00:00,False,bot,4755,0.7733598409542743,53.20633561643836
1446141966,spano81,4675,1422,149259,2013-05-21 11:56:46+00:00,False,human,4305,3.2853127196064653,31.92023096663815
751364095639773184,zoro84style,28,30,6808,2016-07-08 10:35:34+00:00,False,bot,3161,0.9032258064516129,234.75862068965517
3228649563,trashades,694,1881,39085,2015-05-02 17:54:35+00:00,False,human,3593,0.3687566418703507,56.23741007194245
299365630,RiccardoCiacci,1238,2865,43086,2011-05-15 23:41:08+00:00,False,human,5041,0.4319609211444522,34.77481840193705
2323994683,Claudia62VS,494,685,11732,2014-02-02 16:08:14+00:00,False,bot,4047,0.7201166180758017,23.7010101010101
979117618295656450,Valenti38361807,57,1118,1114,2018-03-28 22:06:46+00:00,False,bot,2532,0.05093833780160858,19.20689655172414
1379007452,ehiRicardo,7133,3556,72486,2013-04-25 08:50:04+00:00,False,human,4331,2.005341579983132,10.160639192598822
2976226983,LaraPolidori,481,206,77965,2015-01-13 11:50:58+00:00,False,human,3703,2.323671497584541,161.753112033195
923265879449759744,Louis1DNews_,72,246,1813,2017-10-25 19:11:53+00:00,False,human,2686,0.291497975708502,24.835616438356166
396024657,SoniaPoletti1,606,845,17413,2011-10-22 16:40:23+00:00,False,bot,4881,0.7163120567375887,28.686985172981878
1122716048,InMyMind80,324,1028,11712,2013-01-26 17:52:15+00:00,False,human,4419,0.31486880466472306,36.036923076923074
972790109325099008,IOmbra,162,253,2641,2018-03-11 11:03:30+00:00,False,human,2550,0.6377952755905512,16.20245398773006
449038596,gemmaantonello,462,384,21167,2011-12-28 17:28:40+00:00,False,bot,4814,1.2,45.7170626349892
406457303,horanschords_,1846,2155,79040,2011-11-06 18:49:08+00:00,False,human,4866,0.8562152133580705,42.79371954520845
825718832484474880,romeo1571,209,346,3594,2017-01-29 14:54:45+00:00,False,bot,2955,0.6023054755043228,17.114285714285714
3119392109,1dmccurdians,1365,1553,19992,2015-03-26 18:25:19+00:00,False,human,3630,0.8783783783783784,14.635431918008784
1012138187576180736,Harryfookinstyl,119,117,5555,2018-06-28 00:58:43+00:00,False,human,2441,1.0084745762711864,46.291666666666664
905405149614624769,Emy40850356,128,416,15069,2017-09-06 12:19:44+00:00,False,bot,2736,0.3069544364508393,116.81395348837209
979754063935000576,babyblueperson,119,166,887,2018-03-30 16:15:46+00:00,False,human,2530,0.7125748502994012,7.391666666666667
3304132186,a7042237ab0f466,373,583,23470,2015-05-30 21:12:25+00:00,False,bot,3565,0.6386986301369864,62.75401069518717
38846888,faornano,366,716,28747,2009-05-09 12:47:26+00:00,False,human,5778,0.5104602510460251,78.32970027247957
477014834,hope_2419,12772,13140,89713,2012-01-28 18:56:52+00:00,False,human,4783,0.9719199452096492,7.023643623267831
804074275376431105,Tina64884808,240,536,23480,2016-11-30 21:27:01+00:00,False,bot,3015,0.44692737430167595,97.42738589211618
2982573165,nichilu,152,46,2134,2015-01-17 14:48:27+00:00,False,bot,3698,3.234042553191489,13.947712418300654
825698658695905280,FiloRosso2,301,863,3938,2017-01-29 13:34:35+00:00,False,bot,2955,0.34837962962962965,13.039735099337749
751371698327416832,mario_anselmi72,35,33,6858,2016-07-08 11:05:47+00:00,False,bot,3161,1.0294117647058822,190.5
726755736236253184,papersouls_,134,155,12439,2016-05-01 12:50:44+00:00,False,human,3228,0.8589743589743589,92.14074074074074
835202996585787392,_CamillaFio,79,64,3584,2017-02-24 19:01:26+00:00,False,bot,2929,1.2153846153846153,44.8
