user_id,screen_name,followers_count,friends_count,statuses_count,profile_created_at,verified,label
3022357312,pattavis,218,285,3477,Fri Feb 06 22:33:59 +0000 2015,False,bot
753659579582541824,PromotingLouisT,256,358,5614,Thu Jul 14 18:37:00 +0000 2016,False,bot
901802279623417856,Anna10mila,287,346,5545,Sun Aug 27 13:43:12 +0000 2017,False,human
2982392825,AlleHanna,266,354,6022,Sat Jan 17 11:03:24 +0000 2015,False,bot
825436422609969152,ZaffiroBlu3,286,564,3915,Sat Jan 28 20:12:33 +0000 2017,False,bot
971039774726377474,Marghe_Paro,26,48,2175,Tue Mar 06 15:08:18 +0000 2018,False,human
1012258265772720128,1D97435172,15,24,496,Thu Jun 28 08:55:52 +0000 2018,False,bot
1001873627506233346,50shadesofsfiga,19,52,1469,Wed May 30 17:11:01 +0000 2018,False,human
3414414435,Peugeotcrew,604,134,8554,Tue Aug 11 06:15:29 +0000 2015,False,bot
617000584,bastardo42,286,527,35242,Sun Jun 24 10:32:14 +0000 2012,False,human
816718293142740992,ShamelessAndGay,229,159,9495,Wed Jan 04 18:49:49 +0000 2017,False,human
978899289861754880,Ele108294,908,685,12680,Wed Mar 28 07:39:12 +0000 2018,False,human
3070640794,Cappellaio87,314,642,16895,Wed Mar 04 19:19:17 +0000 2015,False,bot
1449933242,LBrogialdi,856,2713,53970,Wed May 22 21:28:06 +0000 2013,False,human
850371251277352960,PaolaBarbanera,543,2247,4383,Fri Apr 07 15:34:40 +0000 2017,False,human
757515891403788288,RobyAlpha,349,242,15138,Mon Jul 25 10:00:37 +0000 2016,False,human
2921287407,filippotrav,148,76,4801,Sun Dec 14 12:39:44 +0000 2014,False,bot
1002691095829057538,Chloe_Lou_Rose,6037,5330,5296,Fri Jun 01 23:19:21 +0000 2018,False,bot
839181003449110530,antodamario1982,7,10,4111,Tue Mar 07 18:28:37 +0000 2017,False,bot
2617299705,bbenzoval,642,430,8350,Tue Jun 17 13:32:48 +0000 2014,False,human
4611389296,0nedangels,216,214,2455,Sat Dec 26 13:55:00 +0000 2015,False,human
727469564901076992,sonia_ariu,93,192,6181,Tue May 03 12:07:14 +0000 2016,False,bot
550410719,AnnaMinervini1,365,270,14922,Tue Apr 10 20:15:38 +0000 2012,False,bot
975703783475949568,4NG3L0NF1R3,38,98,346,Mon Mar 19 12:01:24 +0000 2018,False,bot
1048754004,lindascanona,716,0,27901,Sun Dec 30 20:36:06 +0000 2012,False,bot
14871003,gbgallus,2404,1321,10221,Thu May 22 17:38:28 +0000 2008,False,human
4798069173,righettifrance1,418,831,5110,Wed Jan 13 22:08:47 +0000 2016,False,bot
165051584,_diana87,2476,1725,116571,Sat Jul 10 13:12:45 +0000 2010,False,human
3825988815,Luca10adp,313,291,14741,Wed Sep 30 17:30:05 +0000 2015,False,human
991332558,GianturcoMira,179,261,3893,Wed Dec 05 16:53:46 +0000 2012,False,human
231999899,Diletta123,904,169,9628,Thu Dec 30 01:24:54 +0000 2010,False,bot
96738439,oloapmarchi,16914,3750,19248,Mon Dec 14 10:46:37 +0000 2009,False,human
830683244,Beatiste,2934,282,41167,Tue Sep 18 09:24:26 +0000 2012,False,human
1011238575399165959,1dalwaysinmyhe1,16,19,838,Mon Jun 25 13:23:59 +0000 2018,False,human
337161893,essexelle,4239,1306,109609,Sun Jul 17 15:22:40 +0000 2011,False,human
781179765843750912,nalitinelli,56,118,3470,Wed Sep 28 17:12:24 +0000 2016,False,human
1428293736,sb_728,464,367,24105,Tue May 14 16:52:00 +0000 2013,False,human
972313916578713600,LuanaPirri,14,15,1526,Sat Mar 10 03:31:17 +0000 2018,False,bot
825397260032811012,isolafelice21,157,264,1660,Sat Jan 28 17:36:56 +0000 2017,False,bot
2365823596,nonnagri,596,411,12248,Tue Feb 25 22:34:08 +0000 2014,False,human
822123492216897540,TheVoiceIsVS,132,191,5821,Thu Jan 19 16:48:09 +0000 2017,False,bot
2998480923,GInterrato,158,59,4645,Sun Jan 25 20:08:43 +0000 2015,False,bot
2199622261,FabioRoscioli,108,121,7930,Sun Nov 17 14:33:36 +0000 2013,False,human
2982498327,lontano2009,388,863,6624,Sat Jan 17 13:37:14 +0000 2015,False,bot
280175586,nunziapenelope,12989,1991,54873,Sun Apr 10 20:06:18 +0000 2011,False,human
2704478260,ImparatoPasqual,260,142,8321,Sat Jul 12 20:06:02 +0000 2014,False,bot
728911567589363712,DENISA_NH14,493,968,5350,Sat May 07 11:37:15 +0000 2016,False,human
840552254851678211,FEHTakumi,175,1,40035,Sat Mar 11 13:17:29 +0000 2017,False,bot
785397318,ValterRimini,2860,4316,40178,Mon Aug 27 20:20:24 +0000 2012,False,human
797499926594908160,Gvccij,769,719,4298,Sat Nov 12 18:02:54 +0000 2016,False,human
135547288,VinceMaielli,1238,1424,60803,Wed Apr 21 16:15:08 +0000 2010,False,human
2930775934,GiuliettaSkype,1231,4937,21431,Thu Dec 18 21:00:26 +0000 2014,False,bot
1011987366582603776,Funghetti4,15,42,352,Wed Jun 27 14:59:24 +0000 2018,False,bot
630459182,67Malaguti,592,1231,5176,Sun Jul 08 19:28:21 +0000 2012,False,human
830818718703837187,Joker12953,157,254,3601,Sun Feb 12 16:39:53 +0000 2017,False,bot
2772451794,LorettaLORI3,693,1175,11021,Wed Aug 27 06:19:28 +0000 2014,False,bot
825987115662065664,migliavs,331,545,23667,Mon Jan 30 08:40:49 +0000 2017,False,bot
2864751126,davideberg68,123,232,1518,Sun Oct 19 11:37:29 +0000 2014,False,human
422025735,paolamietto,150,472,1945,Sat Nov 26 18:12:57 +0000 2011,False,human
4549685356,enzarella2,363,0,4976,Sun Dec 20 20:16:20 +0000 2015,False,bot
526391347,raffa_brigante,528,428,10534,Fri Mar 16 13:23:31 +0000 2012,False,bot
344159343,marosa259,281,245,11036,Thu Jul 28 16:45:58 +0000 2011,False,human
876795381841100801,Odiotuttigioia,395,184,5743,Mon Jun 19 13:34:43 +0000 2017,False,bot
826576741506355203,Verbena35,131,84,16301,Tue Jan 31 23:43:47 +0000 2017,False,bot
704820933027045376,fitti1988,443,674,14053,Wed Mar 02 00:09:40 +0000 2016,False,human
1891849693,BoselliMarisa,292,148,6228,Sat Sep 21 23:32:16 +0000 2013,False,human
932924905,EMZONERI,78,16,1606,Wed Nov 07 20:53:38 +0000 2012,False,bot
2998555053,GSpasmo,144,69,4766,Sun Jan 25 20:50:19 +0000 2015,False,bot
596665906,faberskj,2495,1464,89783,Fri Jun 01 17:52:07 +0000 2012,False,human
2729708935,MyHappiness1Dhs,1475,1946,57298,Wed Aug 13 15:19:57 +0000 2014,False,human
2363684405,AlessioFraumene,343,38,97414,Mon Feb 24 21:13:17 +0000 2014,False,human
1012294396526710784,Vote1D70522235,19,16,98,Thu Jun 28 11:19:26 +0000 2018,False,human
251194177,wasitjustalie,2201,1113,130575,Sat Feb 12 16:48:54 +0000 2011,False,bot
606417584,CannovaV,79950,32566,97642,Tue Jun 12 15:51:26 +0000 2012,False,human
804847281417633792,vezzosauro_ale,4,8,4853,Sat Dec 03 00:38:40 +0000 2016,False,bot
504476597,Stegallio8,107,516,3241,Sun Feb 26 13:01:20 +0000 2012,False,human
327894673,elena2613,415,693,12190,Sat Jul 02 10:26:33 +0000 2011,False,bot
2918691515,Cat2014_Believe,329,445,3195,Fri Dec 12 23:45:18 +0000 2014,False,bot
1012302562660405248,Holaa63146637,16,9,465,Thu Jun 28 11:51:53 +0000 2018,False,bot
2950152521,loririlolo,533,1004,7557,Mon Dec 29 22:41:23 +0000 2014,False,bot
968459856,PaoloProsdocimi,129,425,8892,Sat Nov 24 17:46:43 +0000 2012,False,human
1571230602,Giulia_1D_LM,545,740,75615,Fri Jul 05 20:04:48 +0000 2013,False,human
856380782847422464,Pegasofree777,473,969,19663,Mon Apr 24 05:34:24 +0000 2017,False,human
750962994100707328,psacrewIT,97,16,6194,Thu Jul 07 08:01:44 +0000 2016,False,bot
831862062833876993,paopia64,185,253,20183,Wed Feb 15 13:45:45 +0000 2017,False,bot
831161868614004741,ZiaGuerriera,303,673,14335,Mon Feb 13 15:23:26 +0000 2017,False,bot
523625151,kssdhr,595,1759,6938,Tue Mar 13 20:07:56 +0000 2012,False,human
3107788774,Pesce98Vittoria,292,615,5039,Mon Mar 23 14:51:20 +0000 2015,False,bot
761296330903916545,Maria_Letizia_,772,657,10620,Thu Aug 04 20:22:44 +0000 2016,False,human
3092010165,GioLuna64,183,333,7708,Sun Mar 15 14:00:35 +0000 2015,False,human
3182660278,francorosaria13,65,0,11460,Sun Apr 19 10:03:06 +0000 2015,False,bot
883724976158887938,69Nique,28,34,1458,Sat Jul 08 16:30:28 +0000 2017,False,bot
438476133,trepazia,666,966,20427,Fri Dec 16 16:46:00 +0000 2011,False,human
2158759025,citro_rosa,565,804,26654,Tue Oct 29 15:39:28 +0000 2013,False,bot
1698808080,AngiSvezia,165,152,5273,Sun Aug 25 10:40:15 +0000 2013,False,bot
974981520984346626,Derire2,41,168,1162,Sat Mar 17 12:11:23 +0000 2018,False,bot
1013753576,betta_andrioli,1065,109,62687,Sat Dec 15 18:57:37 +0000 2012,False,human
926348944686419968,HababaAlaa,1312,1094,54465,Fri Nov 03 07:22:53 +0000 2017,False,human
265347584,mari_posaazul,460,458,18552,Sun Mar 13 11:53:57 +0000 2011,False,human
2413775282,Niurant,1536,2814,3326,Thu Mar 27 07:02:51 +0000 2014,False,human
950833130948177920,Lelepaolo1,9,235,2085,Tue Jan 09 20:54:18 +0000 2018,False,bot
732212397654609920,CRPFRASCATI,10,52,3198,Mon May 16 14:13:34 +0000 2016,False,bot
951241980859830272,LouisT_Promo_,81,243,4337,Wed Jan 10 23:58:56 +0000 2018,False,human
205354640,ticchiolina,991,1473,29476,Wed Oct 20 17:53:38 +0000 2010,False,human
1000424874194690048,xoxo_giuly_,33,137,924,Sat May 26 17:14:11 +0000 2018,False,human
438798142,ZzuCicciu,829,747,42575,Sat Dec 17 01:25:19 +0000 2011,False,human
2452764372,rarimani,178,378,12342,Sat Apr 19 08:08:16 +0000 2014,False,human
827909004923801600,Caranoemitw,186,469,3068,Sat Feb 04 15:57:43 +0000 2017,False,bot
734396807745286145,11dreams_,185,492,4936,Sun May 22 14:53:38 +0000 2016,False,human
262893816,missingsmth,674,587,14990,Tue Mar 08 23:57:14 +0000 2011,False,human
2764705943,beauty0fsilence,190,150,5796,Mon Sep 08 12:11:01 +0000 2014,False,bot
831961066313773058,lorellacan,189,496,3472,Wed Feb 15 20:19:10 +0000 2017,False,bot
470253363,zia_eli,1041,1380,28522,Sat Jan 21 13:56:15 +0000 2012,False,bot
460216069,so69ny,563,1371,3778,Tue Jan 10 14:25:46 +0000 2012,False,human
1153738128,ggarigli,579,2757,4903,Wed Feb 06 11:30:36 +0000 2013,False,bot
448110696,GabriPobega,419,511,9448,Tue Dec 27 16:45:42 +0000 2011,False,bot
2890342662,1DLads4Life,674,781,27072,Wed Nov 05 02:32:15 +0000 2014,False,human
517747193,coccio2001,250,845,7509,Wed Mar 07 16:41:05 +0000 2012,False,human
2153829339,garbugli_la,1743,1539,36577,Sat Oct 26 05:44:27 +0000 2013,False,human
961661021017518086,patri_well,32,69,2450,Thu Feb 08 18:00:28 +0000 2018,False,bot
825675893741846528,Anna33120263,794,641,13870,Sun Jan 29 12:04:08 +0000 2017,False,human
1012063518659698690,Bastardisemibl1,24,23,332,Wed Jun 27 20:02:00 +0000 2018,False,human
922835518756474880,InterForEver71,182,175,7898,Tue Oct 24 14:41:47 +0000 2017,False,human
327674514,Fiffistefy,367,1112,12027,Fri Jul 01 23:33:14 +0000 2011,False,bot
855136163849482240,Dudda_Novizia,48,97,3494,Thu Apr 20 19:08:43 +0000 2017,False,bot
3039154799,00_matilde,163,407,5761,Sun Feb 15 14:56:36 +0000 2015,False,human
1704716070,1D_ilmiosogno,129,462,1665,Tue Aug 27 13:50:23 +0000 2013,False,human
306412249,Caracciolo93,1055,1607,10288,Fri May 27 20:52:34 +0000 2011,False,human
193317159,Vito_Salvo,173,458,2293,Tue Sep 21 14:44:51 +0000 2010,False,human
761376188,lavitamiglior3,2123,1297,56570,Thu Aug 16 11:29:46 +0000 2012,False,human
1012447780504326145,1D39191230,378,1176,2282,Thu Jun 28 21:28:56 +0000 2018,False,human
2181109997,b_baolo,1806,579,39140,Thu Nov 14 19:56:56 +0000 2013,False,human
895869750,akobsara,8095,5179,122768,Sun Oct 21 18:17:55 +0000 2012,False,human
996455315796262916,Chourou04946447,22,19,2167,Tue May 15 18:20:35 +0000 2018,False,bot
560954476,GiuseppinaFarin,925,1059,36083,Mon Apr 23 08:51:57 +0000 2012,False,bot
702789675619061761,Snari1979,54,87,8159,Thu Feb 25 09:38:10 +0000 2016,False,bot
438646069,gaelle14juillet,1694,2029,23588,Fri Dec 16 21:02:38 +0000 2011,False,human
3072516610,ianna63,181,112,12164,Thu Mar 05 14:20:05 +0000 2015,False,human
2298056467,AnnaDream74,474,451,6540,Sat Jan 18 15:16:29 +0000 2014,False,human
704993843293331456,unidosxdali,2257,75,16637,Wed Mar 02 11:36:45 +0000 2016,False,bot
132962832,ManuBoniPH,248,644,5502,Wed Apr 14 16:58:57 +0000 2010,False,human
2985794427,MariaHelena_ts,343,622,6926,Mon Jan 19 14:11:39 +0000 2015,False,bot
202206667,GiulianaPoce,388,465,13034,Wed Oct 13 14:49:03 +0000 2010,False,bot
826850430185590786,Stellacdolce,182,415,3461,Wed Feb 01 17:51:19 +0000 2017,False,bot
327555253,ElenaLvdzdv,751,828,9194,Fri Jul 01 19:18:24 +0000 2011,False,bot
2591240449,annarosa701,319,237,23673,Fri Jun 27 11:25:16 +0000 2014,False,bot
560604863,MonicaDieci,792,1675,16498,Sun Apr 22 21:21:29 +0000 2012,False,bot
1011632355419844608,Martinalucconi1,19,6,1495,Tue Jun 26 15:28:43 +0000 2018,False,bot
1010882400325431298,1dreactionpic1,19,40,805,Sun Jun 24 13:48:40 +0000 2018,False,human
2962604531,ae6b1d98c461462,223,902,8308,Mon Jan 05 19:49:46 +0000 2015,False,human
1063319761,AlteaFerrari,92145,82900,74912,Sat Jan 05 15:54:47 +0000 2013,False,human
518642028,VeronicaFilia,148,141,6802,Thu Mar 08 16:22:38 +0000 2012,False,bot
548914113,Mary_Jack69,432,469,9089,Mon Apr 09 00:53:10 +0000 2012,False,bot
840241477,annalisabi76,1594,363,62095,Sat Sep 22 18:36:29 +0000 2012,False,human
910893710308724743,Paola232220,130,105,5213,Thu Sep 21 15:49:18 +0000 2017,False,human
2485742076,Krentak,42,283,509,Fri May 09 19:06:17 +0000 2014,False,human
4908982317,cifra73,437,510,30978,Sun Feb 14 13:31:57 +0000 2016,False,human
357063589,massimosideri,12635,771,10908,Wed Aug 17 19:55:06 +0000 2011,True,human
2983905783,allylardo,264,358,4539,Sun Jan 18 11:27:05 +0000 2015,False,bot
1004050570494259201,tomestherlinson,200,196,8947,Tue Jun 05 17:21:25 +0000 2018,False,human
1337678305,IndieGameTrends,24114,2301,1013273,Mon Apr 08 21:30:03 +0000 2013,False,bot
197284836,Noviolenzadonne,1388,869,9424,Fri Oct 01 02:51:43 +0000 2010,False,human
834889075337400320,MissAmnesia23,215,340,2013,Thu Feb 23 22:14:01 +0000 2017,False,bot
825731362179149824,Stella_Perlina,283,545,3923,Sun Jan 29 15:44:32 +0000 2017,False,bot
932243210277130240,Patrizia22851,40,26,3448,Sun Nov 19 13:44:36 +0000 2017,False,bot
902535078,Shar_FedeRossi,127,380,7985,Wed Oct 24 20:23:22 +0000 2012,False,human
2992469811,brunetta_8,236,108,22973,Thu Jan 22 16:47:24 +0000 2015,False,bot
950827317571608576,mariorossi19444,10,261,2201,Tue Jan 09 20:31:12 +0000 2018,False,bot
327555341,56_nico,626,224,15100,Fri Jul 01 19:18:35 +0000 2011,False,bot
2349112225,GABRIELLAMARA2,701,1056,19814,Mon Feb 17 21:39:57 +0000 2014,False,bot
950483930003771392,Il_Pannocchia1,35,47,943,Mon Jan 08 21:46:42 +0000 2018,False,bot
855102334875172866,Celica_FE,1,2,2038,Thu Apr 20 16:54:18 +0000 2017,False,bot
856884030,RenatoPradal,249,238,10282,Mon Oct 01 19:24:02 +0000 2012,False,human
239861947,Halena85,310,515,28955,Tue Jan 18 16:09:40 +0000 2011,False,human
82659565,emmemea,6055,452,8816,Thu Oct 15 16:52:52 +0000 2009,False,bot
875005129103200257,zilianisky66,221,318,5972,Wed Jun 14 15:00:54 +0000 2017,False,human
923565203253579776,PaolaBozzetto,19,38,2039,Thu Oct 26 15:01:18 +0000 2017,False,bot
1244668758,CAusoni,450,1490,5341,Tue Mar 05 21:49:00 +0000 2013,False,human
966343682,EmyScanu,634,627,49285,Fri Nov 23 15:44:52 +0000 2012,False,bot
4358227817,sorciusbarbutus,33,122,3149,Thu Dec 03 05:46:42 +0000 2015,False,bot
431089246,santilligia,2626,2875,14215,Wed Dec 07 22:21:57 +0000 2011,False,human
1154282738,1IlMigliore,353,887,3077,Wed Feb 06 15:14:11 +0000 2013,False,bot
2989418577,ILgrandeRIO,257,198,4264,Wed Jan 21 10:05:17 +0000 2015,False,bot
801152682702622720,limar1964,113,537,5313,Tue Nov 22 19:57:39 +0000 2016,False,human
720666928055001088,1DSTATSVOTESL,27,16,1750,Thu Apr 14 17:35:59 +0000 2016,False,bot
4701456854,Ti_Amo_Harry,72,97,913,Sun Jan 03 08:20:32 +0000 2016,False,human
559917335,launizzo,517,948,19305,Sat Apr 21 22:59:17 +0000 2012,False,bot
868401085802852352,BooandHazz1,29,34,1215,Sat May 27 09:38:47 +0000 2017,False,bot
391505537,AleQuinto1,291,840,3103,Sat Oct 15 17:25:20 +0000 2011,False,human
963823970507214848,MatteoArnabold1,14,117,537,Wed Feb 14 17:15:16 +0000 2018,False,bot
726108618051997696,HondaClaudio,573,1365,12209,Fri Apr 29 17:59:19 +0000 2016,False,human
2780612193,THESlGNOFHARRY,7482,3333,222413,Mon Sep 22 22:37:39 +0000 2014,False,bot
4297819397,_Meelaanie_1D_,1125,1257,56864,Fri Nov 27 16:09:47 +0000 2015,False,human
970583174349840384,BrokLiljas,62,379,959,Mon Mar 05 08:53:56 +0000 2018,False,human
242327193,sacchetico,1613,1566,5799,Mon Jan 24 14:36:17 +0000 2011,False,human
228744087,vivitanie,1313,2333,32135,Mon Dec 20 15:17:26 +0000 2010,False,bot
4874146875,giunta2016,401,819,4508,Wed Feb 03 15:45:21 +0000 2016,False,bot
2799576867,DelbonoRoberto,309,1462,44138,Thu Oct 02 09:16:03 +0000 2014,False,human
811246201794338818,_martydreamer01,273,219,9476,Tue Dec 20 16:25:41 +0000 2016,False,human
2306559009,stefaniamassim2,280,276,5955,Sun Jan 26 22:17:08 +0000 2014,False,human
585091018,Ab1Disce0mnis,622,790,6310,Sat May 19 20:54:58 +0000 2012,False,human
302125749,__Spiderlily__,614,383,57910,Fri May 20 16:58:54 +0000 2011,False,bot
788038456274522112,Rosamar70892339,164,117,3277,Mon Oct 17 15:26:23 +0000 2016,False,bot
603005791,EneaMoscon,717,1239,8339,Fri Jun 08 19:27:54 +0000 2012,False,human
1714082910,JessicaTzn,163,171,5534,Sat Aug 31 00:32:52 +0000 2013,False,human
3245545312,simona83imperia,300,539,12889,Sun May 10 22:30:30 +0000 2015,False,bot
995292937662664704,Valentinaserot4,16,32,648,Sat May 12 13:21:42 +0000 2018,False,human
1000463684945240064,an1Daddiction,241,232,6496,Sat May 26 19:48:24 +0000 2018,False,human
2982795550,Gianniontheroad,313,397,3313,Sat Jan 17 17:16:32 +0000 2015,False,bot
423240463,GiusiRiccobono,527,737,8789,Mon Nov 28 07:56:51 +0000 2011,False,bot
3102059566,NovellaPiazzi,101,4,11519,Sat Mar 21 15:35:35 +0000 2015,False,bot
4030954341,heavenloueyes,286,272,13761,Sat Oct 24 10:50:07 +0000 2015,False,human
340600489,il_giga,34,67,5619,Fri Jul 22 23:42:57 +0000 2011,False,human
202588307,danysca22,755,1015,19497,Thu Oct 14 11:31:49 +0000 2010,False,bot
2396162744,florianademiche,3472,3004,24200,Tue Mar 18 12:48:42 +0000 2014,False,human
70741097,lorenzlu,444,557,9763,Tue Sep 01 17:55:00 +0000 2009,False,human
825700436766314497,Seilamiacanzone,321,0,2667,Sun Jan 29 13:41:39 +0000 2017,False,bot
2905469547,LeCom_,769,537,23341,Thu Dec 04 19:45:53 +0000 2014,False,human
2984109993,RedsRita,224,466,5020,Sun Jan 18 14:30:20 +0000 2015,False,bot
974977485183037441,luciolavezza,31,152,1037,Sat Mar 17 11:55:21 +0000 2018,False,bot
808272326324342785,ToniSonia,4664,819,31618,Mon Dec 12 11:28:34 +0000 2016,False,human
873916630828494848,Vincenz72741158,2502,4158,5421,Sun Jun 11 14:55:36 +0000 2017,False,bot
785477139235741696,hrhmaxmartian,730,1254,35615,Mon Oct 10 13:48:38 +0000 2016,False,human
25851958,Yattaran,1404,385,51071,Sun Mar 22 18:06:59 +0000 2009,False,human
390617262,0Claudia9,289,401,3210,Fri Oct 14 08:00:55 +0000 2011,False,bot
3223929605,TornareAcasa,263,418,39601,Thu Apr 30 08:59:09 +0000 2015,False,human
202305873,BrunaVerutti,203,64,19247,Wed Oct 13 19:12:09 +0000 2010,False,bot
2350026720,circeanna,20154,4565,122908,Tue Feb 18 12:17:43 +0000 2014,False,bot
548662037,Elly15vs,959,849,15373,Sun Apr 08 19:33:34 +0000 2012,False,bot
839937500101627904,DeiaDerosas,106,305,4489,Thu Mar 09 20:34:40 +0000 2017,False,bot
3489637217,_Vylmax,215,374,10282,Sun Aug 30 09:29:00 +0000 2015,False,bot
17880873,paoloross,397,783,11371,Thu Dec 04 22:00:56 +0000 2008,False,human
990324412841889798,RitaGiasone,41,688,2181,Sat Apr 28 20:18:34 +0000 2018,False,bot
908709155137032192,ziaiaia3,2989,1535,13815,Fri Sep 15 15:08:40 +0000 2017,False,human
2976241827,Gimar95,173,1062,8554,Tue Jan 13 12:01:27 +0000 2015,False,human
333431378,FilippoDuo,507,4806,21507,Mon Jul 11 14:43:40 +0000 2011,False,human
898599853546242048,Trasparente_,3201,1160,7907,Fri Aug 18 17:37:55 +0000 2017,False,human
2732253563,sunlaughxz,435,561,10893,Sun Aug 03 07:46:08 +0000 2014,False,human
2806416940,novellapiazzi1,101,24,11311,Sat Oct 04 23:03:27 +0000 2014,False,bot
22009205,ceranto,2108,3613,161880,Thu Feb 26 13:42:48 +0000 2009,False,human
50265477,desimonem,294,1374,9388,Wed Jun 24 09:54:03 +0000 2009,False,human
1924501530,MomiraMonika,40473,32522,145520,Tue Oct 01 20:25:30 +0000 2013,False,bot
974980320721240064,kasiamilla,42,0,1129,Sat Mar 17 12:06:37 +0000 2018,False,bot
965638639345655809,vaccarellimann1,426,488,4812,Mon Feb 19 17:26:07 +0000 2018,False,human
3211470245,annatic1,382,0,5334,Mon Apr 27 06:18:53 +0000 2015,False,bot
999977095106367488,larrysd4ughter,63,92,893,Fri May 25 11:34:52 +0000 2018,False,human
2929725533,lorettalo22,468,865,5968,Thu Dec 18 15:55:58 +0000 2014,False,bot
778859243655012352,pietro_pascali,14,7,6054,Thu Sep 22 07:31:29 +0000 2016,False,bot
1362279283,DomenicoFurioso,310,363,7277,Thu Apr 18 15:52:53 +0000 2013,False,human
1012332423290478593,LefossettediNH,76,26,1229,Thu Jun 28 13:50:32 +0000 2018,False,human
561948464,dani89vs,804,691,10539,Tue Apr 24 11:39:29 +0000 2012,False,bot
3017805851,elisabettaragg1,182,131,4886,Wed Feb 04 15:10:04 +0000 2015,False,bot
2919964222,giannalecca1,461,834,11501,Sat Dec 13 17:00:13 +0000 2014,False,bot
702253149189439488,LaVolage,1181,1436,15582,Tue Feb 23 22:06:12 +0000 2016,False,human
838435964922052608,Girasole572,28,1,2623,Sun Mar 05 17:08:06 +0000 2017,False,bot
2921277910,lisettaliz,166,95,4730,Sun Dec 14 11:30:00 +0000 2014,False,bot
4353158674,EmilynotRata,767,599,9473,Wed Dec 02 18:18:17 +0000 2015,False,human
771685684738482176,danyelaciriaco,573,326,16424,Fri Sep 02 12:26:19 +0000 2016,False,human
981636477292564480,Anna2340531163,17,122,491,Wed Apr 04 20:55:48 +0000 2018,False,bot
1268082668,MarcellaMelodia,882,1615,14689,Thu Mar 14 21:48:24 +0000 2013,False,human
2985880540,Viola_rossa3,261,249,27592,Mon Jan 19 14:24:12 +0000 2015,False,bot
867072457215279104,BiancaCartei,9,50,536,Tue May 23 17:39:18 +0000 2017,False,human
839185313461305344,vins_prince1982,9,8,4028,Tue Mar 07 18:45:44 +0000 2017,False,bot
1003160464543510528,MyHappiness1D1,27,55,2965,Sun Jun 03 06:24:27 +0000 2018,False,human
827628152411262976,andrea_sorato,219,63,4517,Fri Feb 03 21:21:42 +0000 2017,False,bot
974977242165055488,Ewa34934453,378,316,19235,Sat Mar 17 11:54:23 +0000 2018,False,human
3138084547,InAnalisi,836,550,21867,Fri Apr 03 22:24:10 +0000 2015,False,human
2919471316,ariacolorata2,459,898,7698,Sat Dec 13 11:10:39 +0000 2014,False,bot
422699535,valentinamoscon,237,144,6710,Sun Nov 27 15:43:39 +0000 2011,False,bot
1198843740,Jackill22,159,241,5666,Tue Feb 19 22:37:28 +0000 2013,False,human
3027927352,vale20152,492,1083,6079,Tue Feb 10 09:27:36 +0000 2015,False,bot
2983904932,tizianafu,257,348,4481,Sun Jan 18 09:58:56 +0000 2015,False,bot
548707617,antonellautopia,582,499,33761,Sun Apr 08 18:32:25 +0000 2012,False,bot
3035505075,_harryobsessed,942,748,53431,Fri Feb 13 22:03:37 +0000 2015,False,bot
4034721759,949905e897cf45a,460,449,10546,Sat Oct 24 22:56:10 +0000 2015,False,bot
977674276936519681,RossRoss5429,30,55,5263,Sat Mar 24 22:31:26 +0000 2018,False,bot
3290568658,GiorgiaAziz1d,281,699,3101,Tue May 19 21:45:11 +0000 2015,False,bot
759150086756589568,TestyMcT3stface,3,1,715011,Fri Jul 29 22:14:19 +0000 2016,False,bot
4149019083,benjifede_love,204,233,6511,Mon Nov 09 12:27:59 +0000 2015,False,bot
393483438,ilbolly,1237,426,44825,Tue Oct 18 16:12:28 +0000 2011,False,bot
2982479962,mirandamossi,197,207,2116,Sat Jan 17 12:01:31 +0000 2015,False,bot
2853761597,epicfaildrone,2791,1,141413,Fri Oct 31 20:33:00 +0000 2014,False,bot
2982567281,topaccia,202,88,2798,Sat Jan 17 14:12:39 +0000 2015,False,bot
804840889067667457,silviapedr2016,10,8,4907,Sat Dec 03 00:13:15 +0000 2016,False,bot
271466783,LoMassi,2501,1073,25906,Thu Mar 24 15:25:29 +0000 2011,False,human
729045489665052672,FlavianoPeluso,403,632,370,Sat May 07 20:29:24 +0000 2016,False,human
1183194624,MARIACARMINATI1,263,489,11979,Fri Feb 15 17:05:35 +0000 2013,False,bot
53002473,Niebbo,3966,273,22448,Thu Jul 02 07:36:33 +0000 2009,False,human
534504035,Hepicuro,1443,1334,55272,Fri Mar 23 16:58:37 +0000 2012,False,human
1069206085,PaoloBaldo3,1044,677,65490,Mon Jan 07 21:10:44 +0000 2013,False,human
2949925353,SuperPannocchia,140,52,4939,Mon Dec 29 20:42:46 +0000 2014,False,bot
2968800676,DalilaIngrasci2,222,187,2705,Thu Jan 08 23:07:22 +0000 2015,False,human
1010978324569640960,1D02685599,9,26,2581,Sun Jun 24 20:09:50 +0000 2018,False,bot
595846370,MariaCamillagl,594,927,15344,Thu May 31 21:34:20 +0000 2012,False,bot
2949963189,mielosa69,339,489,7639,Mon Dec 29 21:05:34 +0000 2014,False,bot
326826176,PaoloLagonia,169,388,13601,Thu Jun 30 15:11:28 +0000 2011,False,human
755328987795165184,GIUSPEDU,217,2064,53928,Tue Jul 19 09:10:38 +0000 2016,False,human
825395422147522560,EmiliaVS1,340,519,23587,Sat Jan 28 17:29:38 +0000 2017,False,bot
1109829834,EnzaAltieri,5689,2150,89502,Mon Jan 21 19:15:36 +0000 2013,False,human
1005103898556760064,unfakingnews,303,63,34260,Fri Jun 08 15:06:58 +0000 2018,False,human
989081978,mimi_t123,278,302,28929,Tue Dec 04 16:19:57 +0000 2012,False,bot
3102658995,OttoPasser,39,289,1601,Sat Mar 21 20:20:53 +0000 2015,False,human
1005568886098550785,Oned1r3c7ioner,441,1239,2688,Sat Jun 09 21:54:39 +0000 2018,False,human
202212121,Armonja,763,90,13916,Wed Oct 13 15:03:31 +0000 2010,False,bot
1260617916,LaTiger1,1465,1876,65895,Mon Mar 11 23:22:20 +0000 2013,False,human
806570189429018624,TheCrewOnTheWeb,128,192,4942,Wed Dec 07 18:44:53 +0000 2016,False,bot
824224632467312642,babymalik_lh,46,121,609,Wed Jan 25 11:57:20 +0000 2017,False,bot
3042097091,lorettarag,496,1084,7246,Tue Feb 17 08:16:58 +0000 2015,False,bot
825410712281501698,pannocchietto2,126,134,1234,Sat Jan 28 18:30:24 +0000 2017,False,bot
750684233857961985,prpeugeotcrew1,92,13,5281,Wed Jul 06 13:34:03 +0000 2016,False,bot
2535033852,MenteObliqua,7242,1431,16955,Fri May 30 13:07:57 +0000 2014,False,bot
3002946545,eliptz66,107,144,5954,Wed Jan 28 10:28:51 +0000 2015,False,bot
2918679371,anomis_anomis70,542,445,11454,Fri Dec 12 23:37:44 +0000 2014,False,bot
358795296,TuLangheRoero,6933,1461,15482,Sat Aug 20 14:27:45 +0000 2011,False,human
1011723273057554438,Harry00913,0,2,1455,Tue Jun 26 21:30:00 +0000 2018,False,human
2996584924,MaxRossi2015,292,420,2998,Sat Jan 24 20:53:28 +0000 2015,False,bot
3407591541,CarlaChianese,139,54,5472,Fri Aug 07 19:27:41 +0000 2015,False,bot
1009859481214341120,Denise04955126,15,36,1351,Thu Jun 21 18:03:57 +0000 2018,False,human
826008852567031808,RubinoDue,273,544,3559,Mon Jan 30 10:07:11 +0000 2017,False,bot
726332639964200960,Aaaarrrrrmmmnnn,36,112,7413,Sat Apr 30 08:49:30 +0000 2016,False,bot
721817054,Fuckeveryonexox,603,284,29162,Sat Jul 28 08:55:57 +0000 2012,False,human
1010610247789096960,voteforlegends5,236,456,3560,Sat Jun 23 19:47:14 +0000 2018,False,bot
1086442256,CAvenali,2334,996,11729,Sun Jan 13 15:39:16 +0000 2013,False,human
1012110155553570816,MartiAndNiall1,12,14,454,Wed Jun 27 23:07:19 +0000 2018,False,bot
1011995299622064131,1DFamil22117676,14,55,418,Wed Jun 27 15:30:56 +0000 2018,False,human
573568763,GiovanniBaldin3,2249,2220,2662,Mon May 07 11:46:28 +0000 2012,False,human
2920280901,sorriso_blu,269,182,3999,Sat Dec 13 21:01:37 +0000 2014,False,bot
415107191,Salvo1Di,573,575,6724,Thu Nov 17 22:30:57 +0000 2011,False,human
2217834630,Dany1Dlove27,1725,949,32925,Wed Nov 27 13:54:45 +0000 2013,False,human
202361176,eligigarda,478,886,4959,Wed Oct 13 21:49:00 +0000 2010,False,bot
2579632449,BorsariElena,67,474,1300,Tue Jun 03 06:45:56 +0000 2014,False,human
51703470,Tigermat,66,77,4641,Sun Jun 28 10:56:13 +0000 2009,False,human
2547012645,fpatea84,85,277,3930,Wed May 14 09:10:25 +0000 2014,False,human
1691235696,thanksdelpiero,0,0,95067,Thu Aug 22 14:45:57 +0000 2013,False,human
1006938498811809793,Marivolainalto,197,191,1968,Wed Jun 13 16:37:00 +0000 2018,False,human
2950692315,PaolorokOri,501,913,7204,Tue Dec 30 06:45:48 +0000 2014,False,bot
834490192954290178,AleStylinson_,21,24,299,Wed Feb 22 19:49:00 +0000 2017,False,bot
945654953003057154,electricspirith,759,755,26700,Tue Dec 26 13:58:05 +0000 2017,False,human
2918674683,AlwaysGio__,305,414,3081,Fri Dec 12 23:55:40 +0000 2014,False,bot
2240552686,dentista46,282,536,7067,Mon Dec 23 22:14:02 +0000 2013,False,human
2983182773,claspa62,236,237,13044,Sat Jan 17 22:04:56 +0000 2015,False,bot
812590099024199680,Giuseppemamone5,48,271,4411,Sat Dec 24 09:25:51 +0000 2016,False,human
2982486513,TheVoiceVS,151,64,5421,Sat Jan 17 13:25:22 +0000 2015,False,bot
148803815,holdon80,431,1283,5355,Thu May 27 16:58:43 +0000 2010,False,human
489519253,GingerJCB,524,726,36541,Sat Feb 11 16:22:06 +0000 2012,False,human
4189019849,giogio_al_cubo,643,1149,12883,Sat Nov 14 20:55:18 +0000 2015,False,human
2982782446,GabriGabri_ts,289,381,6057,Sat Jan 17 17:03:45 +0000 2015,False,bot
809795080429142017,1dvote____,21,16,3150,Fri Dec 16 16:19:27 +0000 2016,False,bot
585560662,AnnaFiusco,320,576,12863,Sun May 20 10:32:40 +0000 2012,False,human
782534791975563264,Frafra20_05,250,195,2787,Sun Oct 02 10:56:48 +0000 2016,False,human
276497372,Gianni_Elia,760,411,40490,Sun Apr 03 13:41:36 +0000 2011,False,human
826000575657549825,GialloAmetista,258,548,3812,Mon Jan 30 09:34:18 +0000 2017,False,bot
55404019,Legambiente,87971,949,29463,Thu Jul 09 23:46:04 +0000 2009,False,human
893832219873206273,IamKatPetrova,14,5,296,Sat Aug 05 13:53:02 +0000 2017,False,bot
822162132863160321,Robin_Hood2223,238,412,3521,Thu Jan 19 19:21:42 +0000 2017,False,bot
2982464944,mirtillamarino,205,210,2051,Sat Jan 17 11:44:31 +0000 2015,False,bot
202339780,ZiaPerla,573,779,9677,Wed Oct 13 20:48:16 +0000 2010,False,bot
819902175619022849,AnnamariaMI85,2880,466,83714,Fri Jan 13 13:41:26 +0000 2017,False,human
989188674452639744,sunriserossi,736,879,2171,Wed Apr 25 17:05:32 +0000 2018,False,human
1718499800,edoardo858,363,797,30051,Sun Sep 01 09:45:20 +0000 2013,False,human
765890238946443264,EmiGabirel,201,191,6781,Wed Aug 17 12:37:17 +0000 2016,False,human
3346645053,claudyfulco,213,183,4071,Fri Jun 26 16:43:24 +0000 2015,False,bot
2982506153,DeiElena,224,161,4100,Sat Jan 17 13:12:25 +0000 2015,False,bot
2982443524,Giovannablu,188,202,2115,Sat Jan 17 11:19:02 +0000 2015,False,bot
752025755304026112,CharlyDog96,39,29,6838,Sun Jul 10 06:24:46 +0000 2016,False,bot
4839898869,Nene1d2,69,227,1622,Sat Jan 23 22:02:57 +0000 2016,False,human
4445949435,guestofworld_,185,196,18903,Fri Dec 11 07:20:05 +0000 2015,False,human
2334131662,2000gmw,157,228,4512,Sun Feb 09 17:42:21 +0000 2014,False,bot
422924590,RitaRossi6,711,1000,25762,Sun Nov 27 21:21:30 +0000 2011,False,bot
296318811,LavaBarocca,262,413,26799,Tue May 10 15:17:49 +0000 2011,False,human
2376525880,Ilmeglioretweet,8960,9671,55293,Sun Mar 02 17:15:54 +0000 2014,False,bot
1357959324,1dvotedfan,434,441,7579,Tue Apr 16 22:03:54 +0000 2013,False,bot
784806259052666880,Rosafio40018873,145,143,3099,Sat Oct 08 17:22:47 +0000 2016,False,bot
1005146327523713024,5amori,236,596,3172,Fri Jun 08 17:55:34 +0000 2018,False,human
1028654280,pasala15,113,264,5510,Sat Dec 22 14:59:44 +0000 2012,False,human
1050774624,OGiannino,310877,1345,27235,Mon Dec 31 17:17:18 +0000 2012,False,human
3031628369,annamariams75,30,71,1993,Thu Feb 12 00:01:09 +0000 2015,False,bot
1011956312580804608,Foool1d,26,60,4429,Wed Jun 27 12:56:00 +0000 2018,False,bot
1857099379,eluu_eei,709,1301,24151,Thu Sep 12 11:09:10 +0000 2013,False,human
425943636,BorgheseAle,175843,204,9121,Thu Dec 01 16:52:10 +0000 2011,True,human
868185435293585410,AriEOned,55,104,3224,Fri May 26 19:21:52 +0000 2017,False,human
949059133893853186,itsfakefaccv,18,24,2520,Thu Jan 04 23:25:05 +0000 2018,False,bot
250624869,MarcoTalluto,377,415,25872,Fri Feb 11 13:28:45 +0000 2011,False,human
971374169781882881,Brunystamp,46,26,4089,Wed Mar 07 13:17:04 +0000 2018,False,human
834243806899867648,LuisaRoma4,72,116,3484,Wed Feb 22 03:29:57 +0000 2017,False,bot
2998582175,morgabar,383,767,12969,Sun Jan 25 20:47:28 +0000 2015,False,bot
823274532035264517,giuliac22,126,164,29977,Sun Jan 22 21:01:58 +0000 2017,False,human
2951285517,ulitop,319,543,8238,Tue Dec 30 15:40:04 +0000 2014,False,bot
2300098037,alfiollo90,50,84,7281,Thu Jan 23 21:43:28 +0000 2014,False,bot
2754471474,pinella69,365,516,7257,Fri Aug 22 10:01:28 +0000 2014,False,bot
2560586103,DonnySbrocca,323,1556,14723,Fri May 23 17:44:28 +0000 2014,False,human
1011940333389836288,VOTE1D95275281,4,0,297,Wed Jun 27 11:52:31 +0000 2018,False,bot
3873877475,paolagolfetto,22,47,11786,Mon Oct 05 19:42:21 +0000 2015,False,human
1056095060,whyalesswa,2643,2510,42198,Wed Jan 02 21:01:21 +0000 2013,False,human
1007902743774793728,liberamentesara,41,266,1152,Sat Jun 16 08:28:34 +0000 2018,False,human
1226915408,piermario_odd,407,727,18913,Thu Feb 28 06:57:43 +0000 2013,False,bot
329134629,Anr_s92,220,271,9863,Mon Jul 04 16:02:23 +0000 2011,False,bot
58165167,RavazzaniGuido,632,1667,21931,Sun Jul 19 09:41:06 +0000 2009,False,bot
831859384695287808,lucy011307,163,196,23574,Wed Feb 15 13:35:07 +0000 2017,False,bot
2920996798,SolaMente_te,233,845,3341,Sun Dec 14 05:56:44 +0000 2014,False,bot
2918711542,TinoVale23,320,424,3140,Fri Dec 12 23:35:45 +0000 2014,False,bot
2211763337,FraLu64,435,618,10888,Sat Dec 07 07:40:47 +0000 2013,False,bot
832998854828113920,pippo0302,226,436,4022,Sat Feb 18 17:02:58 +0000 2017,False,bot
980211187475415042,Romina82c,31,36,4376,Sat Mar 31 22:32:13 +0000 2018,False,bot
845712063251054592,DavideArena1897,34,232,7648,Sat Mar 25 19:00:43 +0000 2017,False,human
524420458,MartaGobatto,952,1162,21569,Wed Mar 14 14:49:32 +0000 2012,False,bot
561125828,Laura_Ganna,601,684,21307,Mon Apr 23 13:20:53 +0000 2012,False,bot
4655510439,1dlarrysaf,192,448,6734,Wed Dec 30 16:32:37 +0000 2015,False,human
3291561425,AutunnoSi,211,251,4165,Wed May 20 16:34:47 +0000 2015,False,bot
987694134529052672,cliffordvshor__,11,14,1496,Sat Apr 21 14:06:46 +0000 2018,False,bot
442096443,andrearomano36,160,687,2041,Tue Dec 20 19:02:57 +0000 2011,False,human
633548507,stellacadente60,831,1631,21878,Thu Jul 12 07:39:16 +0000 2012,False,bot
825402582579412992,Melindamarte,210,224,2006,Sat Jan 28 17:58:05 +0000 2017,False,bot
1012147848496869376,VOTE1D35666206,7,12,1904,Thu Jun 28 01:37:06 +0000 2018,False,bot
4082476475,cloudscouldtalk,394,1759,2942,Sat Oct 31 12:32:07 +0000 2015,False,human
1011975267915575297,Harry23533247,23,82,903,Wed Jun 27 14:11:20 +0000 2018,False,bot
437486455,PatriziaPelleg2,332,477,4926,Thu Dec 15 13:23:46 +0000 2011,False,human
1013118357925777409,LSicuri,31,21,2610,Sat Jun 30 17:53:34 +0000 2018,False,human
434217283,SBalassone,1518,633,7965,Sun Dec 11 15:38:11 +0000 2011,False,human
2672479163,ValerioRosaria,84,97,4348,Fri Jul 04 16:39:40 +0000 2014,False,human
502749635,adatorelli,283,332,17572,Sat Feb 25 09:26:25 +0000 2012,False,human
2980869201,sabrina_327,604,726,10103,Fri Jan 16 09:59:49 +0000 2015,False,human
942158304725295104,MichyannaSalvo,0,100,371,Sat Dec 16 22:23:39 +0000 2017,False,bot
500980523,paola_pp77,350,648,3671,Thu Feb 23 17:30:09 +0000 2012,False,human
595356862,CarbonFrank,307,300,22972,Thu May 31 09:58:02 +0000 2012,False,human
703315728766730240,_Sara_Ciancio,646,1755,4808,Fri Feb 26 20:28:31 +0000 2016,False,human
923484261885374464,valerossii94,297,357,3118,Thu Oct 26 09:39:40 +0000 2017,False,human
1064122518,_1djrection_,3538,4451,54355,Sat Jan 05 22:14:34 +0000 2013,False,human
836505264706715649,Lovely7012,588,244,16043,Tue Feb 28 09:16:11 +0000 2017,False,human
1092509449,alloralola,268,927,6380,Tue Jan 15 16:04:14 +0000 2013,False,human
814176367,I_am_a_Jcats,194,242,18758,Mon Sep 10 00:43:08 +0000 2012,False,bot
825380362226429953,Barby21217171,129,77,4566,Sat Jan 28 16:29:47 +0000 2017,False,bot
2998556339,MStruttura,121,50,4772,Sun Jan 25 20:33:00 +0000 2015,False,bot
891652563795181573,lorentthia,52,72,1995,Sun Jul 30 13:31:52 +0000 2017,False,human
2984398203,aurorapani,292,424,4669,Sun Jan 18 18:23:40 +0000 2015,False,bot
20432064,ederoclite,12082,2012,26887,Mon Feb 09 12:37:22 +0000 2009,False,human
1012085786043453440,hhh72707545,3,5,159,Wed Jun 27 21:30:29 +0000 2018,False,human
160179878,roscoffo,499,2396,5510,Sun Jun 27 12:13:43 +0000 2010,False,human
3021446434,sonoacido1,308,568,5906,Fri Feb 06 12:46:14 +0000 2015,False,bot
4782660614,trattomale,5376,884,57973,Tue Jan 19 10:49:36 +0000 2016,False,human
822108222353981442,allina1712,93,181,4576,Thu Jan 19 15:47:29 +0000 2017,False,bot
1000351128389865477,Anita_Rebekah,169,229,3561,Sat May 26 12:21:09 +0000 2018,False,human
561480213,NoemiServizio,1624,944,12597,Mon Apr 23 19:18:21 +0000 2012,False,human
4548516682,barbaruccia2,297,557,4133,Sun Dec 20 17:41:30 +0000 2015,False,bot
1034383638,xyfraofk,498,699,11277,Tue Dec 25 09:10:21 +0000 2012,False,human
549173992,NonnaMario,329,449,2419,Mon Apr 09 12:03:46 +0000 2012,False,bot
728183118457384960,AngelaMascara,261,609,13218,Thu May 05 11:22:39 +0000 2016,False,bot
866147862,Nazzi_Mi,13120,7964,201085,Sun Oct 07 11:04:08 +0000 2012,False,human
562092002,manola_piredda,641,467,14312,Tue Apr 24 15:02:49 +0000 2012,False,bot
4549605137,leone150872,733,1259,20684,Sun Dec 20 20:14:22 +0000 2015,False,human
804851456310439936,sonia_minipony,7,8,4760,Sat Dec 03 00:55:15 +0000 2016,False,bot
184810052,___andremauro__,2020,1183,17557,Mon Aug 30 14:56:30 +0000 2010,False,bot
2920497934,Tremendamenteme,333,995,5967,Sat Dec 13 22:38:47 +0000 2014,False,bot
897538992345927680,Vale_CaraVs,88,109,2917,Tue Aug 15 19:22:26 +0000 2017,False,bot
1010605695601963008,blankxstyles,8,2,6192,Sat Jun 23 19:29:08 +0000 2018,False,bot
520683997,scofieldsbaby,5483,5115,43094,Sat Mar 10 19:51:26 +0000 2012,False,human
136653194,Pippo968,166,293,7727,Sat Apr 24 14:41:09 +0000 2010,False,human
601660948,piricoddi,667,266,30556,Thu Jun 07 07:44:35 +0000 2012,False,human
1012607637026983936,5boys1D2,7,10,575,Fri Jun 29 08:04:08 +0000 2018,False,bot
2336493886,santone1973,865,738,25584,Mon Feb 10 21:35:37 +0000 2014,False,human
1011334857966931968,Mochilover2,30,7,4469,Mon Jun 25 19:46:34 +0000 2018,False,human
4352856142,Benedet84186855,224,289,4937,Wed Dec 02 17:37:42 +0000 2015,False,human
847497841,PiLu975,1160,1226,96148,Wed Sep 26 14:20:42 +0000 2012,False,human
3315099276,giorgiocupelli,150,217,8889,Fri Aug 14 15:03:22 +0000 2015,False,bot
2919407973,polveredistell7,434,783,6425,Sat Dec 13 11:13:24 +0000 2014,False,bot
276026459,avatar1dory,1752,2946,43984,Sat Apr 02 14:03:48 +0000 2011,False,human
2939550185,Enpatreviso,455,221,7740,Wed Dec 24 14:19:03 +0000 2014,False,human
968196446,1DAnneStyles,141,269,13133,Sat Nov 24 15:14:55 +0000 2012,False,human
412155718,PietroGrassini,363,2151,3622,Mon Nov 14 10:08:28 +0000 2011,False,human
761487243353743360,asia2998,783,603,7959,Fri Aug 05 09:01:21 +0000 2016,False,human
133460400,Pius_XII,1869,1856,53575,Thu Apr 15 21:26:28 +0000 2010,False,human
421858976,LorisDeluxe,1517,2971,36571,Sat Nov 26 13:40:25 +0000 2011,False,human
825028579767390208,ladyna14,88,67,4179,Fri Jan 27 17:11:56 +0000 2017,False,bot
548764543,SavianaVS,711,736,20155,Sun Apr 08 22:35:07 +0000 2012,False,bot
2580731380,geomagalunare,72,210,2772,Tue Jun 03 16:03:10 +0000 2014,False,bot
2767540864,WendyJacker2000,453,573,4334,Thu Sep 11 22:04:59 +0000 2014,False,human
3028624132,mimmapolpo,280,509,5360,Tue Feb 10 19:07:19 +0000 2015,False,bot
2992407304,chiara_220896,17300,17314,86895,Thu Jan 22 15:45:25 +0000 2015,False,human
1123481,Cafeponci,2061,2831,63945,Tue Mar 13 23:13:16 +0000 2007,False,human
2781237202,linosegna,98,222,5547,Tue Sep 23 12:57:46 +0000 2014,False,human
3224618207,Giovanni1DiMaio,421,788,26433,Thu Apr 30 14:51:36 +0000 2015,False,human
831785890552877062,IlaryBlacks,75,57,2274,Wed Feb 15 08:43:04 +0000 2017,False,bot
922839841,MarcoMameli2,1968,1882,9474,Sat Nov 03 09:31:41 +0000 2012,False,bot
3173307514,vuotodaria,50,104,1100,Thu Apr 16 16:23:59 +0000 2015,False,human
989116382611755009,FlauretZoe,8,8,313,Wed Apr 25 12:18:17 +0000 2018,False,human
822200874,insomniac39012,278,273,24473,Thu Sep 13 21:23:00 +0000 2012,False,human
816242626332598272,pazzepericlario,36,147,1762,Tue Jan 03 11:19:42 +0000 2017,False,bot
1367800687,Fionami1,94,241,4081,Sat Apr 20 19:11:00 +0000 2013,False,human
2896312810,Cri1DBenjieFede,366,434,23553,Fri Nov 28 18:50:35 +0000 2014,False,bot
390778324,fran_rkid,588,2671,29456,Fri Oct 14 14:55:41 +0000 2011,False,human
752099077756686336,Ilaria1605,594,1218,16181,Sun Jul 10 11:16:08 +0000 2016,False,human
506048809,gianmarcoespos2,128,465,1794,Mon Feb 27 16:12:30 +0000 2012,False,human
750998654534750208,pisanodocchee,72,144,6965,Thu Jul 07 10:23:27 +0000 2016,False,bot
1006016766,LiviMonica,723,1347,12413,Wed Dec 12 10:20:59 +0000 2012,False,bot
950821235407163392,michesoria86,12,123,2212,Tue Jan 09 20:07:02 +0000 2018,False,bot
2363390223,PafSamu,215,645,18083,Mon Feb 24 18:12:50 +0000 2014,False,human
808773963023286273,lucynothalee,63,114,2605,Tue Dec 13 20:41:53 +0000 2016,False,bot
741328501094121472,LaRagazzaTomli1,213,900,2302,Fri Jun 10 17:57:42 +0000 2016,False,human
2985820509,gardi_2,212,152,22783,Mon Jan 19 14:32:21 +0000 2015,False,bot
422947897,TangaloaLazia,575,496,7033,Sun Nov 27 21:58:56 +0000 2011,False,bot
554630722,Lisa96_Vs,760,804,24844,Sun Apr 15 20:45:55 +0000 2012,False,bot
839190638264528897,ema208gti,5,28,4119,Tue Mar 07 19:06:54 +0000 2017,False,bot
2984510759,rosafiore13,246,195,10491,Sun Jan 18 19:21:14 +0000 2015,False,bot
1011936924125327361,since2010lovs,31,92,434,Wed Jun 27 11:38:58 +0000 2018,False,bot
1010968620866965506,1DVoting28,13,5,2525,Sun Jun 24 19:31:16 +0000 2018,False,bot
4490976615,domusperusia,111,815,2164,Tue Dec 15 10:27:25 +0000 2015,False,human
992839373405093888,JmeJMG,73,130,4972,Sat May 05 18:52:07 +0000 2018,False,bot
2771208186,lory_rubin,110,66,2868,Tue Aug 26 21:04:35 +0000 2014,False,bot
750994229216833536,208_alien,53,62,6836,Thu Jul 07 10:05:51 +0000 2016,False,bot
977928174582616064,Fausto77969754,203,53,9789,Sun Mar 25 15:20:20 +0000 2018,False,human
969646849228525574,jiminieikigai,6,16,423,Fri Mar 02 18:53:18 +0000 2018,False,bot
1064261450,StefaniSer,1435,1043,53067,Sat Jan 05 23:21:50 +0000 2013,False,human
606575726,rbgiova,44,447,2958,Tue Jun 12 19:34:24 +0000 2012,False,human
442144847,lillialf,199,441,1642,Tue Dec 20 20:07:22 +0000 2011,False,human
774339716409921540,maxabbate1978,14,16,6181,Fri Sep 09 20:12:29 +0000 2016,False,bot
804846189439057921,marco_fiorotti,9,8,4910,Sat Dec 03 00:34:19 +0000 2016,False,bot
1011913641548009472,NiallIsAnIdiot,65,68,1242,Wed Jun 27 10:06:27 +0000 2018,False,human
950998000742141952,Gianni67055117,354,764,1244,Wed Jan 10 07:49:26 +0000 2018,False,human
911509904795545600,GennusaGiusi,5,13,4090,Sat Sep 23 08:37:51 +0000 2017,False,human
455749051,plustoutseul,10041,2942,196075,Thu Jan 05 13:31:05 +0000 2012,False,human
554539740,FiorinoKetty,414,328,8112,Sun Apr 15 16:17:08 +0000 2012,False,bot
1012089312794509312,1d_votate,25,52,1326,Wed Jun 27 21:44:30 +0000 2018,False,human
177548621,DAMarciano92,251,1348,5910,Thu Aug 12 12:35:47 +0000 2010,False,human
2385911950,GreyUnicorns,561,516,7612,Wed Mar 05 17:04:40 +0000 2014,False,human
486025962,EffeCi5,355,457,22023,Tue Feb 07 20:56:40 +0000 2012,False,human
2455009450,improta71,91,204,2026,Wed Apr 02 13:23:45 +0000 2014,False,bot
2237617592,alexa1163,8066,2146,34265,Mon Dec 09 13:06:18 +0000 2013,False,human
2837970855,CatholicTweet1,4843,1973,61488,Mon Oct 20 11:15:14 +0000 2014,False,bot
3122007425,GiuliFioravanzo,145,326,4931,Fri Mar 27 19:02:16 +0000 2015,False,human
978697024722829312,ElfoInformatico,360,598,7199,Tue Mar 27 18:15:28 +0000 2018,False,human
740647957091999744,fabrossoni4,148,1697,984,Wed Jun 08 20:53:28 +0000 2016,False,bot
2364628874,Jankar1d5a6fc4,125,362,1818,Thu Feb 27 20:33:13 +0000 2014,False,human
3419845179,blu3n1ghtw0lf,351,784,8407,Thu Aug 13 10:44:06 +0000 2015,False,bot
1000029438233448448,Mario10983853,11,39,475,Fri May 25 15:02:52 +0000 2018,False,human
962445055,marcolinoneri,90,67,2143,Wed Nov 21 13:51:13 +0000 2012,False,bot
1244391379,ArtBeatIdeas,677,166,15272,Tue Mar 05 18:47:20 +0000 2013,False,human
363938347,udcandrano,414,387,18637,Sun Aug 28 23:17:05 +0000 2011,False,human
979300010843168772,DianaMu82095574,12,68,835,Thu Mar 29 10:11:31 +0000 2018,False,bot
468385317,MariaNicola2,287,165,36223,Thu Jan 19 13:48:37 +0000 2012,False,bot
1009719238616145920,maricos7,21,93,538,Thu Jun 21 08:46:40 +0000 2018,False,bot
456210073,MarcellaGiVi,296,463,9443,Fri Jan 06 00:33:07 +0000 2012,False,bot
825717413689835521,ciarly7498,220,517,2787,Sun Jan 29 14:49:07 +0000 2017,False,bot
186977143,Queerrilla,5270,1053,84358,Sat Sep 04 22:57:07 +0000 2010,False,human
940196016409731072,_ifellinlove1D_,427,1996,4469,Mon Dec 11 12:26:13 +0000 2017,False,human
804848726741282816,davide_rigoni16,12,8,4949,Sat Dec 03 00:44:24 +0000 2016,False,bot
824903248599355395,Babi47671391,175,86,4750,Fri Jan 27 08:53:55 +0000 2017,False,bot
1331398375,FiliFuli,413,807,14899,Sat Apr 06 11:41:18 +0000 2013,False,human
2982546107,Gabri_Razzoli,514,0,11040,Sat Jan 17 13:52:14 +0000 2015,False,bot
484162494,flaviabettini,309,412,8761,Sun Feb 05 20:07:22 +0000 2012,False,bot
1459595030,ACCOUNTPERVOTI,21,171,1596,Sun May 26 13:02:43 +0000 2013,False,bot
617171996,cercinico,135,218,6337,Sun Jun 24 14:35:33 +0000 2012,False,human
2432948813,fabioferrero71,549,137,74227,Mon Mar 24 09:24:14 +0000 2014,False,human
2919429628,Mithra_01,148,229,14023,Sat Dec 13 10:35:02 +0000 2014,False,bot
2950711839,pittore1960,408,875,5856,Tue Dec 30 07:09:34 +0000 2014,False,bot
125072714,ArmataScanu,2456,26,10531,Sun Mar 21 15:52:49 +0000 2010,False,bot
1011189105923784704,1d_choice,62,42,11204,Mon Jun 25 10:07:24 +0000 2018,False,bot
883611156228825088,1d_allmylove_,920,1091,25742,Sat Jul 08 08:58:11 +0000 2017,False,human
2983016661,io_principe,234,151,3615,Sat Jan 17 20:16:21 +0000 2015,False,bot
1011923110617116672,TOMMOTHEBEST1,74,100,655,Wed Jun 27 10:44:04 +0000 2018,False,human
2862813495,MiMaresca429,59,186,1878,Wed Nov 05 17:10:56 +0000 2014,False,human
2870733197,indybalasarms,181,146,10658,Mon Nov 10 15:45:31 +0000 2014,False,human
233223130,mammaraffy,1248,1822,44428,Sun Jan 02 17:14:29 +0000 2011,False,bot
271012954,mammagiulietta,81,182,2942,Wed Mar 23 17:52:45 +0000 2011,False,human
1086915288,preto_carla,57,8,7850,Sun Jan 13 18:55:11 +0000 2013,False,bot
2267806358,ottogattotto,10339,3239,101004,Sun Dec 29 19:26:22 +0000 2013,False,human
201197015,claudiamamy,924,920,31875,Mon Oct 11 09:30:44 +0000 2010,False,bot
2951460352,margotcheri,265,0,6225,Tue Dec 30 16:43:27 +0000 2014,False,bot
1011952811674828800,BadGuyEilish_,68,69,5078,Wed Jun 27 12:42:06 +0000 2018,False,bot
3042187528,torrianas,469,839,5539,Tue Feb 17 09:00:11 +0000 2015,False,bot
162672772,darkangel78,1054,2072,18433,Sun Jul 04 10:39:02 +0000 2010,False,bot
627733507,Pattynavmeli9,262,22,8877,Thu Jul 05 20:57:11 +0000 2012,False,bot
926532287675731976,GPettella,2,153,3032,Fri Nov 03 19:31:26 +0000 2017,False,bot
2996521607,Melissa1D13,38,0,18632,Sat Jan 24 20:40:54 +0000 2015,False,human
1216009520,magnomiche,3077,1405,16226,Sun Feb 24 16:58:37 +0000 2013,False,human
461015426,CinziaMolinari,1118,751,48043,Wed Jan 11 10:54:07 +0000 2012,False,bot
1004423026027520001,cararosss,367,942,5634,Wed Jun 06 18:01:25 +0000 2018,False,human
3500831,CapaGira,1912,1583,195705,Thu Apr 05 08:02:54 +0000 2007,False,human
717335652791107584,Mariucc17684432,308,408,14196,Tue Apr 05 12:58:41 +0000 2016,False,human
2921357452,federicoinfa,164,84,4891,Sun Dec 14 12:45:07 +0000 2014,False,bot
839182595875274752,stefano_bbq,8,10,4170,Tue Mar 07 18:34:57 +0000 2017,False,bot
14906561,k009034,17419,11121,907461,Mon May 26 08:08:19 +0000 2008,False,human
911914830793240577,cristinamilani_,103,94,964,Sun Sep 24 11:26:53 +0000 2017,False,human
424907383,FabioTraversa,3793,1684,51093,Wed Nov 30 09:42:07 +0000 2011,False,human
979783776489353216,Vivian7412,844,873,6866,Fri Mar 30 18:13:50 +0000 2018,False,human
822202598526623744,goi_ita,9,0,767,Thu Jan 19 22:02:30 +0000 2017,False,human
831165187994574850,Cassandra6624,295,585,15683,Mon Feb 13 15:36:37 +0000 2017,False,bot
1012070142719774720,1dVotate,20,3,824,Wed Jun 27 20:28:20 +0000 2018,False,bot
825460743445286913,ranzoniana1,339,765,2762,Sat Jan 28 21:49:12 +0000 2017,False,bot
989748219776126978,Emma92517603,262,235,3750,Fri Apr 27 06:08:58 +0000 2018,False,human
3030965421,magitotano,305,614,5056,Wed Feb 11 18:57:54 +0000 2015,False,bot
993286910650015744,Mays1Dmeme,131,51,16907,Mon May 07 00:30:28 +0000 2018,False,human
3098888799,gasperino75,133,240,18128,Fri Mar 20 10:38:32 +0000 2015,False,human
963118390876491776,RipassoRt,470,483,15710,Mon Feb 12 18:31:33 +0000 2018,False,bot
948982405838397441,LupoLupo14,38,9,2983,Thu Jan 04 18:20:11 +0000 2018,False,bot
832346968101888002,vasivas3,149,304,3019,Thu Feb 16 21:52:36 +0000 2017,False,bot
2797764234,FrancescaDivs,475,144,15247,Mon Sep 08 12:09:29 +0000 2014,False,bot
549384602,Ne_Ilaria,445,88,4661,Mon Apr 09 17:09:34 +0000 2012,False,bot
959255458774122496,1dinmyheartA,109,0,4312,Fri Feb 02 02:41:38 +0000 2018,False,human
916187275133890565,78Aya80,22,30,1909,Fri Oct 06 06:24:03 +0000 2017,False,bot
4818612196,FartFromAmerika,3904,2628,91466,Sat Jan 16 17:01:28 +0000 2016,False,human
950821515364372480,Pezzone73,2,30,2198,Tue Jan 09 20:08:09 +0000 2018,False,bot
561474634,marinellazanine,151,7,23732,Mon Apr 23 21:12:29 +0000 2012,False,bot
784803897483358208,rosa6644,157,167,3497,Sat Oct 08 17:13:24 +0000 2016,False,bot
4836438088,BrunaMarini5,709,424,16214,Fri Jan 22 21:09:58 +0000 2016,False,human
2984643466,iitsclarry,140,194,298,Sun Jan 18 20:30:32 +0000 2015,False,bot
700244333,GiacomoNesci,281,1249,2658,Wed Oct 02 18:22:34 +0000 2013,False,human
3031331457,Noemi929496,1481,3897,11668,Wed Feb 11 21:44:37 +0000 2015,False,human
942142510360596480,chiara__92,83,176,2793,Sat Dec 16 21:20:53 +0000 2017,False,human
407609289,diazepam1g,5340,1670,60052,Tue Nov 08 09:08:34 +0000 2011,False,human
1006252077536997377,Shadowmere16,257,652,9579,Mon Jun 11 19:09:25 +0000 2018,False,human
1011716963498909696,IaIaIie,353,996,2882,Tue Jun 26 21:04:55 +0000 2018,False,human
549375513,elisabettadelog,876,1134,57076,Mon Apr 09 14:58:39 +0000 2012,False,bot
1012132071073112064,1dvoteeplss,63,88,3138,Thu Jun 28 00:34:25 +0000 2018,False,bot
883056345200635904,RoseNereXII,42,37,901,Thu Jul 06 20:13:33 +0000 2017,False,human
1012049887947456512,1DDirec47313447,2,1,1641,Wed Jun 27 19:07:51 +0000 2018,False,bot
796687702141845504,roboadvisoryw,331,194,11769,Thu Nov 10 12:15:24 +0000 2016,False,bot
1886073978,angelstrange200,261,445,7467,Fri Sep 20 10:32:58 +0000 2013,False,bot
2984381056,cinziagenziana,184,136,5167,Sun Jan 18 17:20:59 +0000 2015,False,bot
32604352,coupongenie,2085,112,179287,Fri Apr 17 21:40:19 +0000 2009,False,bot
2862202113,giusychiacchio,170,70,3456,Wed Nov 05 10:33:29 +0000 2014,False,human
2982584363,chicchiola,170,49,1919,Sat Jan 17 14:26:25 +0000 2015,False,bot
825979861659443201,pirasemy,385,523,20884,Mon Jan 30 08:11:59 +0000 2017,False,bot
2339156160,shawcesca,1412,1244,3447,Tue Feb 11 21:16:31 +0000 2014,False,bot
971721103,fefinus,293,190,10817,Mon Nov 26 10:30:53 +0000 2012,False,bot
950817898389540864,francescomosti6,8,149,2219,Tue Jan 09 19:53:47 +0000 2018,False,bot
2264615275,RobyMasetti,6626,4978,32498,Fri Dec 27 16:40:41 +0000 2013,False,human
3017654309,MuduPina,310,710,6700,Wed Feb 04 14:07:16 +0000 2015,False,bot
1006066460,Bobetta3,697,1276,10359,Wed Dec 12 10:48:37 +0000 2012,False,bot
2984400682,valedisco,174,94,5004,Sun Jan 18 17:34:46 +0000 2015,False,bot
615539623,leclerckkonenn7,2653,857,167139,Fri Jun 22 21:18:02 +0000 2012,False,human
4046597542,secesecwolf,1278,2858,26439,Mon Oct 26 13:50:05 +0000 2015,False,human
823299348331134976,_lovelyqian,185,160,44320,Sun Jan 22 22:40:35 +0000 2017,False,human
3020402578,roxiscar,260,204,12896,Thu Feb 05 19:38:12 +0000 2015,False,bot
2367002093,LookInThyHeart_,3749,3507,21977,Wed Feb 26 13:50:49 +0000 2014,False,human
1481404124,luigic64,542,650,10720,Tue Jun 04 05:06:23 +0000 2013,False,human
2949953224,MariaTeresa1002,127,328,1748,Mon Dec 29 20:18:56 +0000 2014,False,human
751373947262869504,artemide1984,28,47,6789,Fri Jul 08 11:14:43 +0000 2016,False,bot
2918732806,Sardalice2014,278,402,3236,Fri Dec 12 23:50:22 +0000 2014,False,bot
765296964401557505,benilmiosorriso,1139,69,43862,Mon Aug 15 21:19:49 +0000 2016,False,bot
831914104507990016,BigiPiero,84,42,3858,Wed Feb 15 17:12:33 +0000 2017,False,bot
625712362,CaressaGiovanni,2285,1771,38011,Tue Jul 03 16:58:35 +0000 2012,False,human
2982526985,JustinevMara,627,1215,15062,Sat Jan 17 13:33:32 +0000 2015,False,bot
831131341253124096,dora_momi,95,55,4038,Mon Feb 13 13:22:08 +0000 2017,False,bot
735822179783303169,gbrugnoli70,456,362,1104,Thu May 26 13:17:33 +0000 2016,False,bot
3337054126,paciocia88,1358,229,11192,Sat Jun 20 14:38:19 +0000 2015,False,human
4636530203,emanuela635,379,698,4456,Mon Dec 28 22:05:15 +0000 2015,False,bot
2419259186,Gisi1D_06,865,902,9823,Sun Mar 30 16:54:40 +0000 2014,False,human
1202102875,ArmandoAlej,217,292,6020,Wed Feb 20 20:35:38 +0000 2013,False,human
4636335555,gessica_bravi,363,0,4437,Mon Dec 28 21:46:14 +0000 2015,False,bot
4580699608,dorigoalessia1,253,201,11793,Wed Dec 23 17:28:45 +0000 2015,False,bot
1301400318,Nofeartohorses,675,339,88127,Mon Mar 25 22:30:47 +0000 2013,False,human
2269447992,Ele_1DMD,449,512,27131,Mon Dec 30 21:24:37 +0000 2013,False,bot
896437116766388224,HospitalityMatt,2026,99,45928,Sat Aug 12 18:23:58 +0000 2017,False,human
2949998247,emiliasal46,330,542,8029,Mon Dec 29 21:26:54 +0000 2014,False,bot
986192376241770499,Hi1DHavemySoul,193,455,1472,Tue Apr 17 10:39:19 +0000 2018,False,human
360046793,gattineri123,344,1088,4196,Mon Aug 22 16:09:17 +0000 2011,False,human
769392715,RichiMasu,5125,606,92406,Mon Aug 20 11:58:04 +0000 2012,False,human
363954532,venus_in_furia,220,270,6302,Sun Aug 28 23:56:00 +0000 2011,False,human
3007724008,76lauraLaura,12,6,1230,Sat Jan 31 13:37:07 +0000 2015,False,bot
994684151046524928,Harry1D_4,152,133,5101,Thu May 10 21:02:36 +0000 2018,False,human
278767989,Imperatrice17,435,4999,3886,Thu Apr 07 23:06:30 +0000 2011,False,human
494889421,Laus264,87,276,2072,Fri Feb 17 11:10:37 +0000 2012,False,human
4826949964,DonatellaTosati,338,662,4321,Tue Jan 19 15:53:58 +0000 2016,False,bot
781523989793497088,Loretta26212914,253,289,5713,Thu Sep 29 16:00:14 +0000 2016,False,bot
503680418,MagiMudu,1167,1508,62145,Sat Feb 25 23:07:26 +0000 2012,False,bot
1446141966,spano81,4675,1422,149259,Tue May 21 11:56:46 +0000 2013,False,human
751364095639773184,zoro84style,28,30,6808,Fri Jul 08 10:35:34 +0000 2016,False,bot
3228649563,trashades,694,1881,39085,Sat May 02 17:54:35 +0000 2015,False,human
299365630,RiccardoCiacci,1238,2865,43086,Sun May 15 23:41:08 +0000 2011,False,human
2323994683,Claudia62VS,494,685,11732,Sun Feb 02 16:08:14 +0000 2014,False,bot
979117618295656450,Valenti38361807,57,1118,1114,Wed Mar 28 22:06:46 +0000 2018,False,bot
1379007452,ehiRicardo,7133,3556,72486,Thu Apr 25 08:50:04 +0000 2013,False,human
2976226983,LaraPolidori,481,206,77965,Tue Jan 13 11:50:58 +0000 2015,False,human
923265879449759744,Louis1DNews_,72,246,1813,Wed Oct 25 19:11:53 +0000 2017,False,human
396024657,SoniaPoletti1,606,845,17413,Sat Oct 22 16:40:23 +0000 2011,False,bot
1122716048,InMyMind80,324,1028,11712,Sat Jan 26 17:52:15 +0000 2013,False,human
972790109325099008,IOmbra,162,253,2641,Sun Mar 11 11:03:30 +0000 2018,False,human
449038596,gemmaantonello,462,384,21167,Wed Dec 28 17:28:40 +0000 2011,False,bot
406457303,horanschords_,1846,2155,79040,Sun Nov 06 18:49:08 +0000 2011,False,human
825718832484474880,romeo1571,209,346,3594,Sun Jan 29 14:54:45 +0000 2017,False,bot
3119392109,1dmccurdians,1365,1553,19992,Thu Mar 26 18:25:19 +0000 2015,False,human
1012138187576180736,Harryfookinstyl,119,117,5555,Thu Jun 28 00:58:43 +0000 2018,False,human
905405149614624769,Emy40850356,128,416,15069,Wed Sep 06 12:19:44 +0000 2017,False,bot
979754063935000576,babyblueperson,119,166,887,Fri Mar 30 16:15:46 +0000 2018,False,human
3304132186,a7042237ab0f466,373,583,23470,Sat May 30 21:12:25 +0000 2015,False,bot
38846888,faornano,366,716,28747,Sat May 09 12:47:26 +0000 2009,False,human
477014834,hope_2419,12772,13140,89713,Sat Jan 28 18:56:52 +0000 2012,False,human
804074275376431105,Tina64884808,240,536,23480,Wed Nov 30 21:27:01 +0000 2016,False,bot
2982573165,nichilu,152,46,2134,Sat Jan 17 14:48:27 +0000 2015,False,bot
825698658695905280,FiloRosso2,301,863,3938,Sun Jan 29 13:34:35 +0000 2017,False,bot
751371698327416832,mario_anselmi72,35,33,6858,Fri Jul 08 11:05:47 +0000 2016,False,bot
726755736236253184,papersouls_,134,155,12439,Sun May 01 12:50:44 +0000 2016,False,human
835202996585787392,_CamillaFio,79,64,3584,Fri Feb 24 19:01:26 +0000 2017,False,bot
